bay_id,LATITUDE,LONGITUDE
2711,-37.80954666,144.9592128
5407,-37.81039758,144.9753566
5623,-37.80963584,144.9771527
5460,-37.81074368,144.9782895
5466,-37.81043302,144.978342
5483,-37.81050275,144.97809
5527,-37.81411709,144.9828029
5467,-37.81038123,144.9783506
5629,-37.80967938,144.9775578
5468,-37.81033029,144.9783592
1890,-37.81813821,144.9627816
5283,-37.81130437,144.9504495
1120,-37.81377717,144.9601381
5509,-37.81504652,144.9826446
5029,-37.8284371,144.9667423
869,-37.81341078,144.9685032
3721,-37.80324792,144.9522098
4759,-37.82279551,144.9667851
1125,-37.81363641,144.9600742
4735,-37.82516292,144.9631634
4549,-37.8233742,144.9657026
1957,-37.80893735,144.9699649
2671,-37.80405275,144.9495417
5818,-37.81584986,144.9812832
5821,-37.81587186,144.9814836
6152,-37.82004729,144.943066
5816,-37.8158352,144.9811496
1307,-37.818292,144.9592826
1471,-37.81675417,144.9660931
5810,-37.8157912,144.9807488
6746,-37.80850096,144.9596111
6427,-37.82086053,144.9461877
5247,-37.81180757,144.9522058
6626,-37.81364606,144.9418964
6610,-37.81435692,144.9409302
726,-37.80923537,144.9693825
3638,-37.80523525,144.9510389
2456,-37.81032954,144.9689168
1541,-37.81446481,144.9697779
3001,-37.80526551,144.958118
1063,-37.81833393,144.9622309
1222,-37.81699389,144.9558836
1378,-37.81637336,144.9530449
1379,-37.81632513,144.9530227
1382,-37.81580657,144.9524965
1383,-37.81574286,144.9524672
1712,-37.81770785,144.9551511
2341,-37.8130288,144.9593558
2347,-37.81314802,144.9589466
2348,-37.81328834,144.9591424
2349,-37.81330646,144.9590797
2350,-37.81332437,144.9590178
6022,-37.82126342,144.9468749
2659,-37.80447057,144.9494688
6195,-37.82067956,144.9472476
836,-37.8088695,144.9690958
980,-37.81696859,144.9643042
982,-37.81691519,144.9642796
676,-37.81539511,144.971975
6705,-37.81043196,144.9698119
6442,-37.82053422,144.9430284
2312,-37.81071345,144.9679578
1687,-37.8161071,144.9605179
4752,-37.82476699,144.9633924
2354,-37.81320916,144.958736
2356,-37.81329898,144.9584283
2361,-37.81353387,144.9582919
2362,-37.81333638,144.9583004
2365,-37.8135922,144.9580902
2368,-37.81365939,144.9578571
2392,-37.81412687,144.9555376
2394,-37.81416352,144.9554097
2395,-37.81418185,144.9553457
2397,-37.81421834,144.9552172
2398,-37.81423649,144.955153
2229,-37.81203096,144.9552065
2731,-37.80896034,144.9608417
3378,-37.80648338,144.9510655
6263,-37.81891969,144.9484019
5656,-37.8098461,144.9777418
5666,-37.80983352,144.978963
5671,-37.80989153,144.9795002
2686,-37.80366438,144.9494202
5769,-37.81201309,144.9763152
2475,-37.81054949,144.9681649
4823,-37.83116682,144.9667187
1407,-37.81580855,144.972731
2230,-37.81204932,144.9551424
2232,-37.81206748,144.9550782
2234,-37.81208565,144.955014
2235,-37.81210382,144.9549498
2238,-37.81215822,144.9547573
750,-37.81550777,144.9721482
6312,-37.82039784,144.9503461
5395,-37.81008795,144.975694
1979,-37.80995878,144.9662913
5396,-37.81005542,144.9756994
2240,-37.81217649,144.9546931
2242,-37.81219457,144.954629
585,-37.81447461,144.9746042
5390,-37.81025046,144.975667
2473,-37.81053175,144.9682256
6745,-37.80848205,144.959677
3684,-37.80494833,144.9484029
6535,-37.81346065,144.9393703
6444,-37.82037563,144.9429534
766,-37.81471636,144.9717806
2451,-37.81027819,144.9690907
1595,-37.81666714,144.9622186
2247,-37.81224916,144.9544364
5427,-37.81399373,144.9777442
2250,-37.81230363,144.9542439
5429,-37.81389014,144.9777615
5716,-37.8106905,144.9760686
5430,-37.81383833,144.9777701
2251,-37.81232176,144.95418
2254,-37.81265341,144.9534986
2259,-37.81259395,144.9532103
605,-37.81093348,144.9727445
6443,-37.8204818,144.9430042
4566,-37.83001446,144.969153
3667,-37.80497823,144.9486694
4798,-37.83011482,144.9703428
6116,-37.81946622,144.945078
3615,-37.80593476,144.9556238
834,-37.80892155,144.9691197
6491,-37.81579143,144.9376348
2662,-37.80435064,144.9492992
3226,-37.80623688,144.9540129
3669,-37.8049751,144.9486413
2261,-37.81261218,144.9531463
2262,-37.81274498,144.9531746
2674,-37.80398654,144.9493634
2263,-37.81263021,144.9530826
5477,-37.81128984,144.9779597
5996,-37.81276906,144.9530894
5480,-37.81075572,144.9780482
5459,-37.81079708,144.9782807
2264,-37.81264936,144.9530156
2268,-37.81283415,144.9528591
5482,-37.81055294,144.9780817
2271,-37.81290984,144.9525913
1026,-37.81336912,144.9600793
5465,-37.81048536,144.9783332
4999,-37.8301626,144.9662507
5035,-37.82845409,144.9663787
5455,-37.81244729,144.9780009
5484,-37.81044994,144.9780989
2272,-37.81279431,144.9525059
5487,-37.81026413,144.9781295
2274,-37.81281254,144.9524418
5793,-37.8152576,144.9758895
2275,-37.81294763,144.9524576
2279,-37.81286741,144.9522488
2280,-37.81288412,144.95219
5479,-37.81118103,144.977978
1028,-37.81327121,144.9600349
4104,-37.80424118,144.9509182
2499,-37.81247977,144.9615359
5236,-37.81194395,144.9513076
725,-37.80928666,144.9694062
5507,-37.81514995,144.982627
6454,-37.81986336,144.942745
2316,-37.81077116,144.967763
2497,-37.81246044,144.9616024
2655,-37.80465393,144.9492475
2306,-37.81063764,144.9682148
1260,-37.81397735,144.9547468
1261,-37.81411697,144.954558
1263,-37.81400914,144.9545079
1265,-37.81393783,144.9544746
1268,-37.81375394,144.9546427
1269,-37.81383057,144.9544248
1270,-37.81370335,144.9546192
1272,-37.81365261,144.9545958
1276,-37.81355506,144.9545508
1277,-37.81327806,144.9541705
1279,-37.81322756,144.954147
6611,-37.81433243,144.9409927
1280,-37.81313512,144.954355
1284,-37.81293227,144.9542608
1285,-37.81308088,144.9540787
1286,-37.81288173,144.9542372
4112,-37.80405567,144.950951
4800,-37.83013557,144.9702718
6642,-37.81934223,144.943431
3206,-37.80742666,144.9545558
3259,-37.80699052,144.9534817
3663,-37.80498451,144.9487256
6153,-37.82005535,144.9430383
2328,-37.8112266,144.9661859
1295,-37.81422463,144.9546078
627,-37.80890054,144.9720322
3495,-37.80827826,144.9596952
1753,-37.81219378,144.9699078
3144,-37.81094774,144.9559173
4739,-37.82509972,144.9632382
3633,-37.80559174,144.9542256
6825,-37.79776441,144.9580117
3491,-37.80837261,144.9600571
3066,-37.81103375,144.9574316
5890,-37.80285194,144.9668431
3661,-37.80498764,144.9487537
2672,-37.80404052,144.9493538
4717,-37.82542047,144.9626535
5435,-37.81358015,144.9778134
3671,-37.80497194,144.9486132
5434,-37.81363154,144.9778048
1023,-37.8137775,144.9600102
5432,-37.81373438,144.9777875
5620,-37.80954973,144.9763512
5619,-37.80954303,144.9762893
2694,-37.80300386,144.9440324
5634,-37.80968093,144.9762208
1790,-37.81600562,144.9573539
5433,-37.81368278,144.9777961
5436,-37.81352876,144.977822
5437,-37.81347695,144.9778305
5438,-37.81342514,144.9778391
5621,-37.80962183,144.9770233
5030,-37.82842451,144.966676
2666,-37.80421439,144.9495133
5647,-37.80977724,144.9771092
5645,-37.8097585,144.9769364
5624,-37.80964314,144.9772202
5640,-37.80972359,144.9766145
5626,-37.80965765,144.9773553
2732,-37.80891431,144.9608202
5644,-37.80975179,144.9768743
2927,-37.80821042,144.9577546
5628,-37.80967216,144.9774903
5632,-37.80970041,144.9777548
5649,-37.8097925,144.9772481
5631,-37.80969381,144.9776929
6747,-37.80852009,144.9595446
6609,-37.81438229,144.9408641
5646,-37.80976917,144.9770357
5439,-37.81337332,144.9778476
5440,-37.81332249,144.977856
5441,-37.8131688,144.9778806
5442,-37.81311713,144.977889
5444,-37.81301338,144.977906
5445,-37.81296147,144.9779147
5446,-37.81290967,144.9779234
4827,-37.83123656,144.9664815
5669,-37.80987569,144.9793562
6576,-37.81260986,144.9404245
5657,-37.80985311,144.9778067
4889,-37.82918037,144.9692042
5658,-37.80986034,144.9778733
5659,-37.80986765,144.9779408
5660,-37.80987499,144.9780077
2533,-37.81317934,144.9591869
2534,-37.81318801,144.9591572
2549,-37.81333902,144.9586402
5665,-37.80982659,144.9788954
2551,-37.81335758,144.9585766
1068,-37.81819258,144.962166
5447,-37.81285775,144.9779321
5448,-37.81280584,144.9779408
5449,-37.81275471,144.9779493
5450,-37.81270407,144.9779578
5451,-37.81265222,144.9779665
5452,-37.81260046,144.9779751
5453,-37.81254943,144.9779837
5454,-37.81249903,144.9779922
5625,-37.8096504,144.9772877
6578,-37.81255308,144.9405731
6579,-37.81252119,144.9406566
6580,-37.81249639,144.9407218
1381,-37.81622395,144.9529762
1385,-37.81479434,144.9520621
1389,-37.81459139,144.9519678
2552,-37.81338672,144.9584761
2557,-37.81343025,144.9583271
2558,-37.81343885,144.9582977
2567,-37.81351738,144.9580288
2606,-37.8141769,144.9557051
2610,-37.81421048,144.9555874
2611,-37.81421841,144.9555596
2613,-37.81423521,144.9555007
2617,-37.81427051,144.9553769
2618,-37.81427873,144.9553481
5289,-37.81171165,144.9506374
1798,-37.81621359,144.9566302
2075,-37.81381388,144.9530056
2095,-37.81406751,144.9521127
2273,-37.81292874,144.9525244
2921,-37.80830881,144.9577373
3018,-37.80441203,144.9577275
3009,-37.8048514,144.9579278
3014,-37.80454158,144.9577855
3285,-37.80643917,144.9535782
3346,-37.81044402,144.9564918
5286,-37.8115598,144.9505674
1171,-37.81854134,144.9623259
2307,-37.81065641,144.9681509
5717,-37.8106975,144.9761329
3999,-37.80377804,144.9540202
887,-37.81129717,144.9675333
5328,-37.82735242,144.9711507
974,-37.81755541,144.964779
3878,-37.80666766,144.9550086
3872,-37.80686692,144.954973
3832,-37.80670269,144.954099
3838,-37.80656093,144.9540345
3831,-37.80672619,144.9541097
3690,-37.80499243,144.9570392
3874,-37.80679386,144.9549861
3961,-37.80488586,144.9538224
4807,-37.83023591,144.9699311
5171,-37.81080425,144.9516331
3841,-37.80646513,144.9539908
5325,-37.82782918,144.9711259
3839,-37.80653683,144.9540235
868,-37.81347177,144.9685309
4903,-37.82950699,144.9685146
3830,-37.80674903,144.9541201
3366,-37.80416169,144.9431586
5056,-37.8252456,144.9700462
5741,-37.81095738,144.9768136
4022,-37.80507275,144.9522773
1098,-37.8161596,144.9612317
4423,-37.80367466,144.9551838
4295,-37.8093929,144.9559884
5734,-37.81088357,144.9778442
5720,-37.81071858,144.9763272
5730,-37.81085653,144.9775952
4041,-37.80456232,144.9523684
1059,-37.81845472,144.9622862
4326,-37.80927212,144.956215
5724,-37.81074692,144.9765884
5731,-37.81086362,144.9776605
4249,-37.80936638,144.9556437
4803,-37.83016418,144.970174
5732,-37.81087035,144.9777224
4000,-37.80619293,144.9520803
1015,-37.81168094,144.9620838
4235,-37.80935082,144.956826
6122,-37.819528,144.9448645
4261,-37.80949024,144.9557664
5774,-37.81206441,144.9767834
5782,-37.81213381,144.9774221
5773,-37.81204343,144.976596
5751,-37.81183965,144.9757731
5766,-37.81199063,144.9761127
649,-37.80866018,144.9717993
848,-37.80843532,144.968896
5763,-37.81196723,144.9759003
4262,-37.80947044,144.9557702
569,-37.80806339,144.9713971
6272,-37.81942624,144.9484213
2715,-37.80777201,144.9600844
4449,-37.80312602,144.9502894
5797,-37.81528673,144.97616
5800,-37.81530896,144.9763622
6567,-37.81233213,144.9386874
5770,-37.81202094,144.9763878
6127,-37.81957378,144.9447062
5796,-37.81527935,144.9760925
5798,-37.81529413,144.9762271
5799,-37.81530149,144.9762948
5801,-37.81531605,144.9764272
696,-37.81279514,144.9707706
4447,-37.80313959,144.9504104
3402,-37.8076704,144.9664388
4719,-37.82536022,144.9629226
831,-37.80925359,144.969272
4723,-37.82532076,144.9629689
6293,-37.82010914,144.948661
1089,-37.81640133,144.9613429
1729,-37.81173104,144.9714842
3960,-37.8049547,144.9538101
1996,-37.81022571,144.9653774
6048,-37.82106402,144.9469486
6214,-37.81999902,144.9472161
1300,-37.81895756,144.9595867
4223,-37.80927916,144.9568259
5050,-37.82518964,144.9702382
6056,-37.82117319,144.9439193
2309,-37.81067521,144.968087
6185,-37.81993095,144.9431597
3635,-37.80558417,144.954158
1526,-37.81370169,144.9723682
2657,-37.80459147,144.9494476
2669,-37.80410451,144.9495326
2455,-37.8103208,144.9689466
6216,-37.81984609,144.9471487
5618,-37.80953633,144.9762274
6061,-37.82109504,144.9435931
6015,-37.82053721,144.9493859
877,-37.81221754,144.9677054
6016,-37.82055577,144.9493219
814,-37.81054117,144.9698622
881,-37.81160148,144.9674232
4241,-37.80933104,144.9566507
6547,-37.81271976,144.9388025
883,-37.81149444,144.9673738
6184,-37.81991234,144.9432237
5251,-37.81187876,144.9519545
5237,-37.81196124,144.9512466
5900,-37.80289342,144.9672205
1980,-37.80997748,144.9662277
5563,-37.81210207,144.9831448
2419,-37.80965891,144.9712182
2667,-37.80415898,144.949523
5232,-37.81181041,144.9517789
1587,-37.81661141,144.9629771
6183,-37.81989374,144.9432877
5023,-37.83029812,144.9657823
774,-37.81439207,144.9716304
3601,-37.80537811,144.9493312
1731,-37.81174905,144.9714237
6335,-37.81965271,144.950562
5754,-37.81191028,144.9764223
2416,-37.80962526,144.9713329
4883,-37.82914668,144.9693199
4849,-37.82890497,144.9705776
5552,-37.81272358,144.9830411
1062,-37.81835552,144.9622408
3574,-37.80820297,144.9532676
3994,-37.80390206,144.953998
6113,-37.81934277,144.9455048
2652,-37.80481793,144.9492177
873,-37.81236878,144.9677738
5038,-37.82844186,144.9663141
1978,-37.80994021,144.9663551
4652,-37.82545637,144.9666683
612,-37.81011029,144.9723422
1697,-37.81696804,144.9576649
6525,-37.81224103,144.9360988
616,-37.8100111,144.9722958
3059,-37.81122517,144.9573807
6910,-37.81459062,144.9693496
4830,-37.83126819,144.9663737
6151,-37.82003923,144.9430938
1544,-37.81454686,144.9694999
5568,-37.81183781,144.9831888
6629,-37.81367083,144.9420582
6037,-37.82111917,144.9429514
6232,-37.81595961,144.9454757
886,-37.81133408,144.9672999
6142,-37.81994431,144.9434201
4088,-37.80481364,144.9508179
771,-37.81449553,144.9716782
5300,-37.82820384,144.9650811
6106,-37.81926491,144.9457745
765,-37.81473779,144.9717907
4233,-37.80935731,144.9568836
3027,-37.80336354,144.9571164
6125,-37.81955548,144.9447694
3542,-37.80857595,144.954429
2909,-37.80850248,144.9577031
6829,-37.79723813,144.9580745
4105,-37.80421782,144.9509224
945,-37.81161964,144.967555
5316,-37.82929206,144.9710377
2453,-37.81029444,144.9690351
6222,-37.81819068,144.94646
6546,-37.81276726,144.9388313
6372,-37.82041347,144.9440489
2691,-37.80352878,144.9496341
1018,-37.81542488,144.9610213
4692,-37.82578916,144.9624136
2914,-37.8083196,144.9580248
4818,-37.83111368,144.9669009
4189,-37.80855024,144.959098
6445,-37.82032363,144.9429294
1747,-37.81231999,144.9700244
3968,-37.80465556,144.9538636
6017,-37.82057355,144.9492606
6375,-37.82026048,144.9439811
6350,-37.82140637,144.9504787
4024,-37.80502632,144.9522857
5570,-37.81137242,144.9832668
1452,-37.81440794,144.9741008
5034,-37.82838625,144.9664747
835,-37.80889489,144.9691075
6379,-37.81942582,144.9444923
870,-37.81335969,144.9684799
4453,-37.80311186,144.9501633
3177,-37.80553777,144.956215
5359,-37.82446586,144.9616832
3703,-37.80385765,144.9576606
3496,-37.8082965,144.959632
6021,-37.82124275,144.9469466
791,-37.81293691,144.9709623
5384,-37.81008624,144.9727226
2665,-37.80424625,144.9493176
582,-37.8146378,144.9746799
5139,-37.82592205,144.9673776
5019,-37.83026756,144.9658879
4222,-37.80938032,144.9570875
4238,-37.80934092,144.9567383
4794,-37.82997234,144.9707876
5043,-37.82841696,144.9661824
3471,-37.80784257,144.9618804
4534,-37.8236152,144.9694035
3472,-37.80786127,144.9618158
2748,-37.80798919,144.9660188
6139,-37.81992012,144.9435033
6431,-37.82032835,144.9460464
6584,-37.81238061,144.9410263
4434,-37.8036151,144.954654
2417,-37.80963267,144.9713077
847,-37.80846071,144.9689077
4649,-37.825557,144.9666338
6243,-37.82234164,144.9468699
6749,-37.80855848,144.9594112
3526,-37.80737503,144.9591884
4402,-37.80791181,144.952194
6633,-37.81396741,144.9424143
1961,-37.8089758,144.969833
6244,-37.82233067,144.9467861
1470,-37.81671305,144.9662354
2436,-37.80991031,144.9703592
2479,-37.81058233,144.9680526
2656,-37.80464319,144.9494385
845,-37.8085428,144.9689455
6571,-37.81274735,144.9400615
2690,-37.80355521,144.9494394
2736,-37.80862272,144.9606837
4123,-37.80365718,144.9510219
6661,-37.82550737,144.9666516
878,-37.81216666,144.9676823
1190,-37.81905726,144.9570791
3199,-37.80828103,144.9546984
2660,-37.80440418,144.9492898
4727,-37.82528162,144.9630148
6326,-37.81868029,144.9497962
2670,-37.80409428,144.9493444
1069,-37.81817097,144.9621561
2668,-37.80414888,144.9493349
1175,-37.81999667,144.9575118
606,-37.81088229,144.9727226
6581,-37.8124646,144.9408054
6172,-37.81942611,144.9449034
3979,-37.80427431,144.9539317
4718,-37.82538013,144.9628992
1176,-37.81994249,144.957487
2422,-37.80968431,144.9711311
773,-37.81441838,144.9716425
6630,-37.81391611,144.9424669
4878,-37.82908477,144.9695343
6093,-37.82013908,144.9430699
4181,-37.80845148,144.959439
4020,-37.80511896,144.952269
5235,-37.81191443,144.9514122
5224,-37.81154339,144.9527237
3730,-37.80243112,144.9448248
1183,-37.81965554,144.9573553
6492,-37.81582627,144.9375428
862,-37.81419688,144.9688636
2728,-37.80967443,144.9609548
5351,-37.82498281,144.9610748
1117,-37.81384622,144.9601694
1184,-37.81973189,144.9571388
626,-37.80898703,144.9718244
1182,-37.81978263,144.9571621
6332,-37.81949229,144.9504366
828,-37.80936489,144.9693232
958,-37.81116389,144.967347
6005,-37.81991148,144.951548
2683,-37.80373847,144.9495971
1189,-37.81916883,144.95688
3328,-37.81014027,144.9575523
5015,-37.83024639,144.9659611
3974,-37.80445717,144.9538992
6362,-37.82172022,144.9511259
911,-37.81443007,144.9688443
763,-37.81478028,144.9718104
6421,-37.82103902,144.9454309
4978,-37.82989971,144.967161
6835,-37.7969138,144.9581131
867,-37.81399837,144.9687726
594,-37.81387628,144.9741067
4745,-37.82503123,144.9633182
4824,-37.83117739,144.9666825
2450,-37.81026941,144.9691207
2734,-37.80872408,144.9607311
1188,-37.81910212,144.9570997
2435,-37.80990274,144.970385
6120,-37.81950282,144.9449513
875,-37.81231931,144.9677514
622,-37.80986177,144.9722262
4694,-37.8256344,144.9625984
6070,-37.81869951,144.9480692
5902,-37.80289673,144.9672508
738,-37.80848651,144.9687971
6612,-37.81411372,144.9415683
3141,-37.81098101,144.9561848
607,-37.81083131,144.9727008
4826,-37.83122604,144.9665174
1212,-37.81777479,144.956239
3028,-37.8033162,144.9570944
4819,-37.8311241,144.9668652
5313,-37.82945099,144.9710367
3002,-37.80516416,144.9580718
758,-37.81524345,144.9720268
716,-37.81060601,144.9697651
2474,-37.81054078,144.9681947
1208,-37.81815917,144.9564156
743,-37.81572661,144.97225
3418,-37.80776283,144.9661251
1540,-37.81444536,144.9698433
949,-37.81140176,144.9674555
1230,-37.81678974,144.9557904
6285,-37.8192722,144.9486287
2717,-37.80792273,144.9601534
790,-37.81296318,144.9709743
1232,-37.81673883,144.9557671
2496,-37.81248324,144.9616129
5173,-37.81086312,144.9514251
1997,-37.81028311,144.9653666
1368,-37.8195608,144.9545099
1748,-37.81233841,144.9699604
4584,-37.82528232,144.9681023
1400,-37.81867252,144.9636144
1371,-37.81754904,144.9535853
1373,-37.81745159,144.9535405
4572,-37.82979898,144.9690531
6161,-37.81867172,144.947484
2688,-37.80360963,144.9494298
1399,-37.81865397,144.9636784
6869,-37.79471112,144.9583852
3634,-37.80580572,144.9544776
1369,-37.81951134,144.9544873
1375,-37.81734853,144.9534931
5041,-37.82842941,144.9662482
3798,-37.80821182,144.9547907
6470,-37.81379012,144.9401383
6225,-37.81684984,144.9458679
6374,-37.82031148,144.9440037
3623,-37.80564433,144.9546921
5287,-37.81160995,144.9505905
1441,-37.82080343,144.9563982
1475,-37.81739263,144.9638999
5180,-37.8104708,144.9524791
4086,-37.8049753,144.9507893
1259,-37.8200288,144.9572763
1593,-37.81663324,144.9623355
1431,-37.82056869,144.9572055
1434,-37.82062311,144.9570094
1443,-37.82082072,144.9563385
1433,-37.820605,144.9570746
1921,-37.81872452,144.9609498
3986,-37.80410023,144.9539627
6377,-37.82009631,144.9439089
6038,-37.82110353,144.9428861
1693,-37.81631797,144.9597642
3230,-37.80593719,144.9538766
4748,-37.82483527,144.9633124
4750,-37.82480113,144.9633524
1690,-37.81627879,144.9599005
1597,-37.81668566,144.9621547
6912,-37.81782001,144.9544577
1755,-37.81221483,144.9698362
1711,-37.81768938,144.9552151
5312,-37.82950477,144.9710365
1739,-37.81184468,144.9710987
1722,-37.81792659,144.9543905
1715,-37.81776326,144.954959
1726,-37.81800021,144.9541342
1807,-37.8164612,144.9551346
1797,-37.81619516,144.9566943
1763,-37.81466548,144.9614539
724,-37.8093891,144.9694535
759,-37.81522059,144.9720163
1864,-37.81485838,144.9573018
2344,-37.8130898,144.959146
2346,-37.81312825,144.9590142
2351,-37.81334244,144.9589553
2352,-37.81335966,144.9588957
2353,-37.81319042,144.9588004
2355,-37.81328028,144.9584922
2357,-37.81347987,144.9584786
2358,-37.81349685,144.9584199
2359,-37.81331768,144.9583644
2363,-37.81355238,144.9582279
2364,-37.81357091,144.9581638
2367,-37.81363588,144.9579391
2369,-37.81367617,144.9577989
1065,-37.81829067,144.9622111
2371,-37.81400453,144.956654
2373,-37.81404249,144.9565216
2374,-37.81385308,144.9564966
2376,-37.81390242,144.9563242
2377,-37.81392105,144.9562589
2378,-37.81393949,144.9561943
2379,-37.81395793,144.9561296
2380,-37.81409748,144.9563305
2381,-37.81397608,144.956066
2391,-37.81410851,144.9556017
2393,-37.81414523,144.9554735
2396,-37.81420018,144.9552814
2375,-37.81386916,144.9564402
6376,-37.82020943,144.9439585
1060,-37.81839907,144.9622607
2072,-37.81371401,144.9533549
2073,-37.81373239,144.9532908
2130,-37.80915081,144.9655782
2236,-37.81212184,144.9548857
2237,-37.81214016,144.9548214
2244,-37.81221283,144.9545647
2246,-37.81223092,144.9545006
2249,-37.8122855,144.9543081
2252,-37.81261863,144.9536216
2253,-37.81263527,144.9535628
2267,-37.81269371,144.9528599
6233,-37.81590297,144.9454507
1262,-37.81406298,144.954533
1264,-37.81385517,144.95469
1266,-37.81380453,144.9546663
1267,-37.81388507,144.9544501
1274,-37.81360162,144.9545722
1275,-37.81332856,144.954194
1283,-37.81312925,144.9541012
1292,-37.81272733,144.9541652
1294,-37.81267387,144.9541403
1296,-37.81417148,144.9545832
7060,-37.80479173,144.959091
3541,-37.80855825,144.9544905
7059,-37.80484251,144.9591144
3022,-37.80431388,144.9576825
3023,-37.80429254,144.9576732
3021,-37.8043351,144.9576922
6065,-37.82103358,144.9433366
3026,-37.80341088,144.9571384
3110,-37.80460802,144.9572963
3100,-37.80493281,144.957366
3096,-37.80507851,144.9573372
3105,-37.8047737,144.9572647
3104,-37.80488249,144.9573758
3063,-37.81111794,144.9573321
3180,-37.80294549,144.9566761
3156,-37.81029181,144.9556163
3222,-37.80648502,144.9541261
3208,-37.80731501,144.9545047
3214,-37.80691807,144.9543235
3215,-37.80687121,144.9543021
3352,-37.81058146,144.9564929
3477,-37.80783816,144.9612067
3393,-37.80600482,144.9508478
1530,-37.81374004,144.9722359
3395,-37.80596246,144.9508284
3396,-37.80594128,144.9508187
5819,-37.8158572,144.98135
3600,-37.80545403,144.9492349
4553,-37.82306286,144.9656887
3686,-37.80500159,144.9571221
3688,-37.80499703,144.9570799
1334,-37.81440791,144.9575029
1367,-37.81961176,144.9545332
5322,-37.82799971,144.9711093
3140,-37.8110498,144.9559642
5813,-37.8158132,144.9809492
5347,-37.8253538,144.9606383
981,-37.81691389,144.9644843
4802,-37.83015471,144.9702064
4809,-37.83025022,144.969868
983,-37.8168627,144.9644608
984,-37.81680895,144.9644361
1768,-37.81489783,144.9612216
4899,-37.82949045,144.9685716
4893,-37.82946744,144.9686646
4927,-37.82962704,144.9681152
4909,-37.82953394,144.9684217
5064,-37.82532023,144.9697903
5060,-37.82528301,144.9699179
5058,-37.82526432,144.9699821
5054,-37.82522687,144.9701105
5062,-37.82530167,144.969854
1856,-37.81450871,144.9585254
5157,-37.81536613,144.9608669
1097,-37.81618076,144.9612414
5158,-37.81539157,144.9608786
1092,-37.81631109,144.9613013
1096,-37.81620149,144.961251
1123,-37.81368347,144.9600955
1126,-37.81361222,144.9600631
1164,-37.81158192,144.9591382
5374,-37.80998273,144.9729732
752,-37.81543357,144.9721146
5327,-37.82740266,144.9711506
2400,-37.81425465,144.9550889
2501,-37.81249995,144.9614667
2531,-37.81316184,144.9592468
2526,-37.81310164,144.9594536
2532,-37.81317059,144.9592168
2536,-37.81320552,144.9590972
2537,-37.81321427,144.9590673
2539,-37.81323171,144.9590075
2540,-37.81324046,144.9589776
2541,-37.81324923,144.9589476
2542,-37.81327695,144.9588527
2544,-37.81329424,144.9587935
2545,-37.81330288,144.9587639
2546,-37.81331156,144.9587342
2547,-37.81332025,144.9587044
2548,-37.81332963,144.9586723
2550,-37.81334841,144.958608
2553,-37.81339527,144.9584469
2554,-37.81340396,144.9584171
2555,-37.81341256,144.9583877
2556,-37.81342131,144.9583577
2587,-37.81392918,144.9565721
2529,-37.81314433,144.9593067
2559,-37.81344752,144.958268
2560,-37.81345639,144.9582376
2561,-37.81346534,144.958207
2562,-37.81347413,144.9581769
2563,-37.81348273,144.9581474
2564,-37.81349122,144.9581184
2565,-37.81349988,144.9580887
2566,-37.81350864,144.9580587
2568,-37.81352602,144.9579992
2569,-37.81353465,144.9579697
2570,-37.81354329,144.9579401
2571,-37.8135519,144.9579106
2586,-37.81392046,144.9566027
2573,-37.81356955,144.9578502
5849,-37.81388098,144.9567422
2588,-37.81393787,144.9565416
2589,-37.81394635,144.9565121
2591,-37.81398181,144.9563878
2614,-37.81424394,144.9554701
2616,-37.81426194,144.955407
2620,-37.81433318,144.9551626
3947,-37.80526213,144.9537552
3945,-37.80531069,144.9537465
4011,-37.80588431,144.9521357
4048,-37.80433912,144.9524075
4027,-37.80495663,144.9522982
4038,-37.80463749,144.952355
4023,-37.8050496,144.9522815
4043,-37.8045161,144.9523766
4064,-37.80386219,144.9524917
910,-37.81445233,144.9688543
4200,-37.80873668,144.9584552
4250,-37.80934732,144.9556473
4272,-37.80934619,144.9557934
918,-37.81423973,144.9687587
920,-37.81419222,144.9687374
4307,-37.80927041,144.9560111
4309,-37.80925038,144.9560148
4405,-37.80795061,144.952114
3561,-37.80896248,144.9536114
4315,-37.809392,144.9561921
4209,-37.80881355,144.9581897
3599,-37.80542915,144.949322
1766,-37.81470483,144.9613203
4715,-37.82544048,144.96263
2197,-37.81151749,144.9574887
4010,-37.80590734,144.9521316
6837,-37.79681077,144.958126
3261,-37.80696746,144.9534859
1100,-37.81608769,144.9611984
6885,-37.79598101,144.9646645
5061,-37.82513595,144.9700525
1702,-37.81708711,144.9572466
6860,-37.79531075,144.9583104
767,-37.81466817,144.9717588
1339,-37.8141254,144.9576222
1064,-37.81831226,144.962221
6605,-37.81462065,144.9403148
3150,-37.81069267,144.9557997
3583,-37.80845894,144.952789
5160,-37.81547621,144.9609173
4050,-37.80429241,144.9524158
6723,-37.81679674,144.9579325
5809,-37.81578386,144.980682
5122,-37.82595099,144.9676286
1305,-37.81840452,144.9593341
3993,-37.80392684,144.9539936
1206,-37.81867075,144.9566502
1192,-37.8190073,144.9570562
6338,-37.82047599,144.9512142
1186,-37.81954748,144.9573059
3220,-37.80662456,144.9541899
1591,-37.81659627,144.9624628
5159,-37.81541938,144.9608913
4731,-37.82524996,144.9630604
6894,-37.79536337,144.9647701
5326,-37.82777218,144.9711307
5162,-37.81552891,144.9609415
1239,-37.8160985,144.9554725
2189,-37.81122572,144.9580105
4377,-37.80751916,144.9530025
3816,-37.80732981,144.9543833
1896,-37.81676346,144.9573679
5820,-37.81586453,144.9814168
6196,-37.82058964,144.9472225
3624,-37.8058444,144.9548205
1224,-37.8169431,144.9558604
3112,-37.80455279,144.9573069
1323,-37.81525152,144.9578841
1727,-37.81801771,144.9540733
1709,-37.81765244,144.9553431
2896,-37.80966894,144.9583908
6224,-37.81690582,144.9458927
4608,-37.82460096,144.9683078
3179,-37.80299826,144.9566665
4602,-37.82475709,144.9682609
5521,-37.81442712,144.9827503
5805,-37.81575453,144.9804147
4266,-37.80942924,144.9557778
844,-37.80856819,144.9689572
1231,-37.81670128,144.9559991
3709,-37.80395417,144.9568971
1341,-37.81401791,144.9575729
3262,-37.80694427,144.95349
1226,-37.81689137,144.9558366
3013,-37.80463759,144.957828
6465,-37.81510809,144.9371948
1056,-37.81845524,144.9621604
4003,-37.80612335,144.9520928
1090,-37.81638084,144.9613336
6671,-37.82577399,144.962231
3364,-37.80426415,144.9431407
3138,-37.81110083,144.9559877
5227,-37.81163341,144.9524056
909,-37.81450217,144.9688768
876,-37.81226842,144.9677284
2907,-37.80854599,144.9576952
1495,-37.81881749,144.9592802
4325,-37.80927683,144.9562764
1688,-37.81612403,144.9604581
1685,-37.81607184,144.9606426
1895,-37.81681242,144.9573901
6627,-37.81368628,144.9419585
5290,-37.81225821,144.9511409
1762,-37.8144747,144.96211
1900,-37.81656048,144.9572759
1775,-37.81529497,144.9592775
1651,-37.8127342,144.9721843
1901,-37.81651025,144.9572532
3694,-37.80497847,144.9569145
3012,-37.80466018,144.9578383
2910,-37.80847959,144.9577071
3011,-37.80468237,144.9578486
4555,-37.82305212,144.9656243
5246,-37.8117894,144.95227
3221,-37.80657634,144.954168
3876,-37.80674268,144.9549952
3349,-37.8105146,144.9567188
3956,-37.80504936,144.9537932
4919,-37.82957876,144.9682672
1537,-37.81381489,144.97198
4199,-37.80872797,144.958485
1091,-37.81633224,144.961311
3207,-37.80737098,144.9545304
2916,-37.80838158,144.9577244
3252,-37.80708341,144.9534651
5288,-37.8116606,144.9506139
1053,-37.81860766,144.9622303
1813,-37.81659553,144.9546627
6044,-37.81981142,144.9512843
1761,-37.81437124,144.9624642
2903,-37.80860831,144.9576842
1057,-37.81846335,144.9624156
6722,-37.81677832,144.9579977
3506,-37.8087786,144.9586494
3889,-37.80634503,144.9550663
1201,-37.81875079,144.9569384
1503,-37.81929159,144.9576469
1799,-37.81623202,144.9565662
5039,-37.82834237,144.9662422
1764,-37.81468555,144.9613858
1197,-37.8189657,144.9567866
1095,-37.81622201,144.9612604
6238,-37.81550859,144.9452765
1304,-37.81845605,144.9593577
2925,-37.80823555,144.9577502
5742,-37.81096483,144.9768825
914,-37.81436064,144.9688131
2922,-37.80828443,144.9577416
3888,-37.80639421,144.9550575
4311,-37.80922995,144.9560185
1340,-37.81407453,144.9575988
1324,-37.81520068,144.9578608
3475,-37.80780184,144.9613306
6717,-37.81668595,144.9583224
5028,-37.82844959,144.966808
1398,-37.81863544,144.9637424
1771,-37.81479691,144.9610039
3875,-37.80676841,144.9549906
580,-37.80823048,144.9717241
5808,-37.81577653,144.9806151
3092,-37.80516762,144.9573198
6648,-37.81936984,144.9436055
701,-37.81254164,144.9706524
6246,-37.82225468,144.9468485
1349,-37.81259443,144.9566753
3148,-37.8107947,144.9558468
5743,-37.81097241,144.9769523
1770,-37.81491427,144.961165
1316,-37.81697864,144.9589224
1054,-37.81855685,144.962207
2506,-37.81265946,144.9610092
6201,-37.82020652,144.9471058
5784,-37.81214839,144.9775554
1318,-37.81697847,144.9586857
857,-37.81441285,144.9687144
4298,-37.80937757,144.9560548
4439,-37.80357997,144.9543466
2650,-37.80250501,144.948093
3818,-37.80728264,144.9543619
4385,-37.80763082,144.9527726
1435,-37.82064149,144.9569432
1376,-37.8172953,144.9534686
6393,-37.82010084,144.9444517
1713,-37.81772633,144.955087
5428,-37.81394193,144.9777529
1592,-37.8166151,144.9623981
3829,-37.80677055,144.9541299
6493,-37.81586154,144.9374504
1257,-37.81988836,144.9572112
1708,-37.81756616,144.9556422
792,-37.81291066,144.9709504
3270,-37.80665496,144.9534054
1437,-37.82075156,144.9565775
1504,-37.8193104,144.9575824
641,-37.80884927,144.9718862
5670,-37.80988361,144.9794282
3568,-37.80893104,144.9531981
4059,-37.80398911,144.9524691
6231,-37.81651398,144.9457196
3048,-37.80277031,144.9569652
6906,-37.79456955,144.9648849
2098,-37.80781524,144.9701489
3723,-37.80326768,144.9507137
3765,-37.80853944,144.9578082
2583,-37.81387241,144.956773
3817,-37.80730646,144.9543725
2006,-37.81080727,144.9635679
6670,-37.82554051,144.9625127
6133,-37.8196902,144.9443014
4301,-37.80933027,144.956
2572,-37.81356081,144.9578801
6720,-37.81674131,144.9581281
4911,-37.82954302,144.9683904
4427,-37.80365749,144.9550321
6383,-37.82039383,144.9444854
5806,-37.81576186,144.9804815
6424,-37.82102321,144.9462295
3203,-37.80747621,144.9545785
4246,-37.80948145,144.9556201
3970,-37.80455581,144.9538817
3879,-37.80664246,144.9550132
6400,-37.82030819,144.9453897
4368,-37.80722675,144.9536038
5524,-37.81427145,144.9827768
6583,-37.8124073,144.9409565
4917,-37.82956967,144.9682986
6679,-37.82571178,144.962506
1177,-37.81988914,144.9574628
1256,-37.81487474,144.9551619
1594,-37.81664994,144.9622779
1233,-37.81664573,144.955974
6718,-37.81670412,144.9582585
3390,-37.80609163,144.9508868
4032,-37.80477995,144.9523297
5927,-37.80284754,144.9676841
2702,-37.80323724,144.9439912
6071,-37.81874164,144.9479238
6330,-37.81938414,144.9503503
6227,-37.81673789,144.9458185
1199,-37.81891496,144.9567632
1198,-37.81885324,144.9569854
1320,-37.81540395,144.957954
1496,-37.81883676,144.9592141
1691,-37.81629842,144.9598322
3692,-37.80498783,144.9569975
621,-37.80977752,144.9723008
1187,-37.81921962,144.9569035
5911,-37.80291135,144.9673837
1810,-37.81670842,144.9549504
1218,-37.81710828,144.9559357
6239,-37.81882139,144.9469676
6859,-37.79536771,144.9583041
1801,-37.81626887,144.956438
3231,-37.80589074,144.9538555
3216,-37.80682314,144.9542803
5306,-37.82826206,144.9653843
4244,-37.8095329,144.9556116
3051,-37.80270331,144.9569341
4424,-37.80367126,144.9551538
735,-37.80858815,144.9688449
7062,-37.8046311,144.9590173
6669,-37.8255205,144.9625362
3109,-37.80479673,144.9573923
1353,-37.81249123,144.9566281
3097,-37.80505623,144.9573416
4905,-37.82951612,144.9684831
1093,-37.81629036,144.9612917
1099,-37.81610927,144.9612083
1923,-37.81862485,144.9609049
3807,-37.80754351,144.9544804
1209,-37.81811189,144.9563941
6917,-37.81779918,144.9548341
1430,-37.81861548,144.9631267
1181,-37.81971113,144.9573808
5815,-37.81582786,144.9810828
5814,-37.81582053,144.981016
4018,-37.80516539,144.9522606
5926,-37.80304232,144.9677277
6870,-37.79465512,144.9583912
2202,-37.81146183,144.9571959
1772,-37.81481547,144.9609399
3546,-37.80861228,144.954302
3108,-37.80466325,144.9572858
4267,-37.80943462,144.9558396
1898,-37.81666193,144.9573219
6351,-37.82137539,144.9505432
1088,-37.8164229,144.9613529
6252,-37.81927229,144.9474178
6843,-37.79650768,144.9581634
2129,-37.80913201,144.9656422
3811,-37.80744801,144.9544369
2901,-37.8086562,144.9576757
1615,-37.81787194,144.9586178
1689,-37.81625971,144.9599671
4299,-37.80935099,144.9559962
5330,-37.82724933,144.9711518
3552,-37.80886394,144.9539541
6680,-37.82569244,144.9625291
1196,-37.81890487,144.9570091
1723,-37.81794499,144.9543264
1227,-37.81681411,144.9560501
1229,-37.81675727,144.9560244
4446,-37.80314276,144.9504386
5378,-37.80971659,144.9730091
1319,-37.81692591,144.9586615
1356,-37.81214406,144.9567191
1210,-37.81806101,144.956371
1370,-37.81946331,144.9544653
5007,-37.83020454,144.9661057
6608,-37.81452714,144.940498
673,-37.80918882,144.9719177
6641,-37.81939427,144.9434549
4577,-37.82953408,144.9690544
5042,-37.82842326,144.9662157
6582,-37.81243987,144.9408705
1214,-37.81767522,144.9561932
1808,-37.81666418,144.9551042
6399,-37.82036942,144.9454059
6320,-37.82127104,144.9510326
3815,-37.8073538,144.954394
5802,-37.81573253,144.9802143
1225,-37.81687134,144.9560759
5111,-37.82556988,144.968567
1174,-37.81847631,144.9622961
2439,-37.80994346,144.9702462
1204,-37.81871729,144.9566717
1922,-37.81867483,144.9609275
1223,-37.81692311,144.9560992
1919,-37.81901709,144.9608342
1219,-37.81702194,144.9561437
6306,-37.81961403,144.9497282
3280,-37.80657529,144.9535547
5324,-37.82788615,144.9711205
3184,-37.80278962,144.956704
1258,-37.81993174,144.9572311
1809,-37.81668274,144.9550397
1173,-37.8184979,144.962306
5321,-37.82805627,144.9711032
5046,-37.82515288,144.970365
5067,-37.82516027,144.9699686
3330,-37.8101579,144.9574907
5161,-37.81550243,144.9609294
1066,-37.81823583,144.9621859
1586,-37.81659289,144.9630408
1429,-37.81859607,144.9631932
1588,-37.81662994,144.9629131
1058,-37.81841252,144.9623924
1759,-37.81435132,144.9625324
1590,-37.8166486,144.962849
1891,-37.81808989,144.9627598
1306,-37.81834299,144.9593058
1724,-37.8179634,144.9542623
1812,-37.81674772,144.9548137
1179,-37.81978257,144.9574138
1213,-37.81772546,144.9562163
1220,-37.81704259,144.9559058
1211,-37.81801438,144.95635
1215,-37.81721041,144.955982
1216,-37.81715912,144.9559588
1674,-37.81528964,144.9632997
3228,-37.80613855,144.953968
1765,-37.81485602,144.961366
1696,-37.81695097,144.9577249
1228,-37.81684014,144.9558134
2727,-37.80972556,144.9609789
2897,-37.80962277,144.9583697
1094,-37.81627004,144.9612824
5163,-37.81558445,144.9609672
5052,-37.82520815,144.9701747
4210,-37.80939968,144.9572587
4297,-37.80937231,144.9559923
6128,-37.81964805,144.9444462
2582,-37.813864,144.9568028
5335,-37.82696653,144.9675932
3565,-37.80900154,144.9534755
1427,-37.81855878,144.9633211
1501,-37.8190086,144.9582615
1439,-37.82078614,144.956458
1178,-37.81983571,144.9574381
1191,-37.81911805,144.9568567
1816,-37.81678703,144.9546771
1811,-37.816728,144.9548823
1817,-37.81663209,144.9545345
1815,-37.8166138,144.9545986
1072,-37.8180746,144.9621118
1172,-37.8185195,144.9623159
1061,-37.81837718,144.9622507
5165,-37.81563729,144.9609915
3867,-37.80699157,144.9549508
1185,-37.8196005,144.9573302
1019,-37.81537451,144.9609981
1180,-37.8198292,144.9571836
1194,-37.81895608,144.9570327
1374,-37.81740139,144.9535174
1682,-37.81605106,144.9608822
2622,-37.81657681,144.9554081
1767,-37.81475945,144.9611329
1725,-37.8179818,144.9541982
1814,-37.81676735,144.9547454
3975,-37.80443282,144.9539035
3559,-37.80894275,144.95368
3181,-37.80289335,144.9566856
3570,-37.80895014,144.9531314
3849,-37.80627608,144.9539049
1684,-37.81609126,144.9607405
6719,-37.81672273,144.9581933
6721,-37.81675989,144.9580629
1589,-37.81657485,144.9625369
1683,-37.81607173,144.9608093
1055,-37.81850605,144.9621837
4378,-37.80753211,144.9529759
1087,-37.81644533,144.9613632
1705,-37.8175107,144.9558343
1474,-37.81737439,144.9639641
4615,-37.82403866,144.9684762
3545,-37.80874796,144.9543574
1894,-37.81818582,144.9628031
4710,-37.82545931,144.9628063
4712,-37.82543972,144.9628293
4714,-37.82542002,144.9628524
6205,-37.81990262,144.9469763
4259,-37.80916764,144.9556795
6237,-37.81567639,144.9453506
3209,-37.80725798,144.9544787
3024,-37.80364493,144.9572471
4406,-37.80796361,144.9520872
5329,-37.82730036,144.9711513
581,-37.80817971,144.9717008
6255,-37.81940469,144.9475591
4357,-37.80707022,144.9539229
1354,-37.81219995,144.9567447
3147,-37.81084571,144.9558703
4901,-37.82949867,144.9685432
1950,-37.80872987,144.9706803
2592,-37.81398986,144.9563597
4867,-37.82894719,144.9700069
5385,-37.81003069,144.972731
6170,-37.81938964,144.9450293
4034,-37.8047334,144.952338
858,-37.81430889,144.9686661
583,-37.81458368,144.9746549
1843,-37.8138616,144.9607337
6888,-37.79581124,144.9646937
4083,-37.8050431,144.9507773
1243,-37.81581254,144.9555924
5922,-37.80297902,144.9671491
5323,-37.82794316,144.9711153
4342,-37.80747768,144.9585104
3355,-37.81063834,144.9562983
3531,-37.80747387,144.9588486
3062,-37.8111331,144.9574773
6121,-37.81951188,144.9449196
1962,-37.80893273,144.9698016
6389,-37.81996243,144.944289
3819,-37.807259,144.954351
4310,-37.80925566,144.9560771
4868,-37.82895728,144.9699724
4060,-37.80395877,144.9524746
5360,-37.82413759,144.9620688
1359,-37.81195856,144.9566332
1960,-37.80891416,144.9698656
4333,-37.80928846,144.9564063
6486,-37.81556065,144.9374898
6568,-37.81302893,144.9393181
4578,-37.82962694,144.9689734
1873,-37.8149211,144.9568926
1862,-37.81483881,144.9573701
4265,-37.80945562,144.9558357
6075,-37.81881017,144.9476873
2510,-37.81275116,144.9606941
4399,-37.80785987,144.9523009
6638,-37.81962995,144.9435629
587,-37.81417789,144.9742469
2704,-37.80338485,144.9439654
5495,-37.81577767,144.9825201
6907,-37.79451059,144.9648854
1769,-37.81477726,144.9610716
3987,-37.8040754,144.9539671
6229,-37.81662593,144.9457691
1322,-37.81530239,144.9579074
1870,-37.81493667,144.9570283
1254,-37.81496995,144.9552055
3978,-37.80429834,144.9539274
6677,-37.82575047,144.9624598
5305,-37.82825576,144.9653576
3538,-37.80762338,144.9583329
4850,-37.82883291,144.9704001
3629,-37.80562157,144.9544904
6059,-37.8211263,144.9437236
5206,-37.81073491,144.9515377
5543,-37.81318855,144.9829629
4006,-37.80602702,144.9521101
6488,-37.8156308,144.9373054
6882,-37.79614997,144.9646358
5544,-37.81313665,144.9829719
6695,-37.80470444,144.9578587
4852,-37.82885236,144.9703332
4855,-37.82887352,144.9702603
3717,-37.80335991,144.9532252
3824,-37.8071407,144.9542974
1235,-37.81619759,144.9555178
4337,-37.80742553,144.9586895
3805,-37.80804139,144.9547127
3822,-37.80718809,144.9543189
1244,-37.81584963,144.9553582
6879,-37.79631843,144.9646069
3052,-37.80268082,144.9569237
3041,-37.80292804,144.9570385
3563,-37.80898189,144.9535439
2190,-37.81124427,144.9579465
4897,-37.82948132,144.968603
6833,-37.79702213,144.9581011
6710,-37.81436044,144.96869
2908,-37.80852425,144.9576991
6035,-37.82113479,144.9430166
5178,-37.81045347,144.9525408
3836,-37.80660768,144.9540558
6855,-37.79577706,144.9582547
1964,-37.80895128,144.9697376
3636,-37.80557196,144.9540494
3210,-37.80720039,144.9544523
3891,-37.8062946,144.9550753
5494,-37.81583101,144.9825113
6437,-37.81975104,144.9458956
3254,-37.80702713,144.9533404
1951,-37.80868729,144.970647
4367,-37.80721387,144.9536295
2504,-37.81264012,144.9610757
4389,-37.8076938,144.9526429
4205,-37.80877954,144.9583068
6895,-37.79530756,144.9647797
5346,-37.82539182,144.9605934
4251,-37.80932854,144.9556505
573,-37.80853425,144.9718641
919,-37.81421597,144.968748
1327,-37.81509911,144.9578142
6202,-37.82011896,144.9470695
6169,-37.81937048,144.9450954
6294,-37.82016452,144.9486632
1966,-37.80896984,144.9696736
2005,-37.8107886,144.9636473
1238,-37.81601314,144.9556846
4338,-37.80743646,144.9586517
6623,-37.81389948,144.9419596
3146,-37.81089672,144.9558938
3223,-37.8064402,144.9541056
4840,-37.82874703,144.9706953
5512,-37.81489175,144.9826709
1967,-37.8089884,144.9696096
710,-37.81075993,144.9700875
6432,-37.82026696,144.9460303
6892,-37.79558351,144.9647323
1337,-37.81429508,144.9576999
6008,-37.81996572,144.9513582
4316,-37.80937166,144.956196
1834,-37.81096637,144.9706443
3045,-37.80281488,144.9569859
4443,-37.80317774,144.950756
2646,-37.80325149,144.9481983
6171,-37.81940788,144.9449664
6836,-37.79686063,144.9581198
6080,-37.81939766,144.9456302
5807,-37.8157692,144.9805483
3035,-37.8030198,144.9570811
3227,-37.80618679,144.95399
4619,-37.82418444,144.9685543
1958,-37.80889554,144.9699299
5345,-37.82543122,144.9605469
4442,-37.80318102,144.9507852
4746,-37.82495776,144.963396
6359,-37.82161974,144.9504814
5817,-37.81584253,144.9812164
6640,-37.81944631,144.9434788
6303,-37.8191705,144.9493785
6353,-37.82130175,144.9506901
1532,-37.81375872,144.9721718
4030,-37.80482691,144.9523214
5791,-37.81524339,144.9757559
6495,-37.81583865,144.9380556
712,-37.81071096,144.970065
3038,-37.80300294,144.9569467
4380,-37.80755608,144.9529265
3995,-37.80387724,144.9540024
4379,-37.80754434,144.9529507
3724,-37.80325402,144.9505883
4329,-37.80923401,144.9562839
4091,-37.80474565,144.9508299
5331,-37.82719826,144.9711512
1252,-37.81513671,144.9550312
3812,-37.80742436,144.9544262
6548,-37.81266941,144.938772
3351,-37.81053313,144.9566557
3401,-37.80583352,144.9507692
1007,-37.81285369,144.9626238
3383,-37.80628552,144.9509747
722,-37.80942662,144.9692281
5710,-37.81025622,144.9827946
1249,-37.81529546,144.9551041
5523,-37.8143226,144.982768
5518,-37.81458304,144.9827235
1875,-37.81494018,144.9568258
3161,-37.81013938,144.9555465
1855,-37.8144894,144.9585927
3354,-37.81061964,144.9563623
4275,-37.80933137,144.9558592
5057,-37.82509603,144.9701897
4036,-37.80468593,144.9523464
6550,-37.81256867,144.9387111
4288,-37.80918214,144.9558241
4381,-37.80756806,144.952902
4725,-37.82530117,144.9629918
2898,-37.80957088,144.9583461
4817,-37.83110276,144.9669384
2718,-37.80787293,144.9601307
4607,-37.82460194,144.9684311
2411,-37.80957738,144.9714964
3992,-37.80395155,144.9539892
4983,-37.83007869,144.9665406
5637,-37.80970231,144.9764181
6575,-37.81263473,144.9403593
6824,-37.79852923,144.9579137
5694,-37.81012325,144.9802721
3113,-37.80468091,144.9574143
3539,-37.80764193,144.9582691
6382,-37.81898174,144.9442912
5653,-37.80982224,144.9775219
5739,-37.81094199,144.976673
5529,-37.81401364,144.9828207
5398,-37.80999037,144.9757101
5812,-37.81580586,144.9808824
6865,-37.79502356,144.9583454
4656,-37.82527742,144.9669083
3212,-37.80703079,144.9543749
4576,-37.82968333,144.9689994
5376,-37.80986481,144.9729897
4068,-37.80375923,144.95251
2409,-37.80955139,144.9715852
570,-37.80801512,144.971375
3882,-37.80656731,144.9550266
5485,-37.81039625,144.9781077
4323,-37.80929677,144.9562729
6074,-37.81879342,144.9477448
6468,-37.81518657,144.9369931
6844,-37.79645626,144.9581698
5709,-37.81023444,144.982598
4993,-37.83013109,144.9663596
5089,-37.82555494,144.9689876
3562,-37.80885218,144.9534733
6302,-37.81908992,144.9493149
2418,-37.80964002,144.9712824
4109,-37.80412517,144.9509386
5920,-37.80297158,144.9670817
5234,-37.81184611,144.9516526
1342,-37.8139632,144.9575478
6590,-37.81312192,144.9406738
2191,-37.81126204,144.9578852
4579,-37.82957715,144.9689504
4363,-37.80714962,144.9537592
4982,-37.83006818,144.966577
631,-37.80884979,144.9720088
3680,-37.80495466,144.9484591
3700,-37.80407185,144.9579551
2899,-37.8095198,144.958323
4612,-37.82444458,144.9684783
5085,-37.82543156,144.9690405
2448,-37.81025192,144.9691806
4247,-37.80945894,144.9556238
3803,-37.80809212,144.954736
4063,-37.80388564,144.9524876
5803,-37.81573986,144.9802811
3963,-37.80483719,144.9538311
5708,-37.81022689,144.9825305
5531,-37.81391268,144.9828374
6884,-37.79603764,144.9646548
3359,-37.80615236,144.9519691
2322,-37.81088874,144.9666907
4833,-37.83129989,144.9662657
3696,-37.80495487,144.9567006
6872,-37.79453948,144.9584058
4070,-37.80371289,144.9525183
4317,-37.80935634,144.9562625
4273,-37.8093517,144.9558552
6149,-37.82001192,144.9431877
682,-37.81443886,144.9717793
2293,-37.80979545,144.9704132
1857,-37.81452757,144.9584598
4863,-37.82891526,144.9701167
4921,-37.8295874,144.9682374
2490,-37.81238439,144.9619505
5908,-37.80293564,144.9676047
5654,-37.80983193,144.9776115
5565,-37.81199774,144.9831622
5687,-37.81007044,144.9797923
5655,-37.80983902,144.977677
6388,-37.8200185,144.9443128
2313,-37.81073269,144.9678928
3042,-37.80290399,144.9569009
3405,-37.80760467,144.9663048
6622,-37.81392423,144.9418947
4284,-37.80922506,144.9558162
5104,-37.82552157,144.9687321
4340,-37.80745704,144.9585811
6619,-37.81399876,144.9416974
5519,-37.81453171,144.9827323
5383,-37.81014179,144.9727142
6387,-37.82007305,144.9443378
3182,-37.80284147,144.956695
4061,-37.80393173,144.9524794
4029,-37.80484991,144.9523173
4102,-37.80428792,144.9509099
2292,-37.80977597,144.9704792
5794,-37.81526474,144.9759574
5923,-37.80282444,144.9674792
1732,-37.81190491,144.9714452
2290,-37.80973708,144.9706111
2429,-37.80980108,144.9707322
653,-37.80849951,144.9717257
720,-37.80947742,144.9692514
5270,-37.81186317,144.9535189
5257,-37.81124846,144.9532325
5267,-37.81069585,144.9529747
4330,-37.80922969,144.9562231
3845,-37.80637068,144.9539479
4398,-37.80784635,144.9523287
5172,-37.81084194,144.9515
5393,-37.810153,144.9756832
5672,-37.80989946,144.9795721
5516,-37.81468542,144.982706
5367,-37.81037631,144.9729417
5668,-37.80986789,144.9792853
5652,-37.80981461,144.9774511
5471,-37.81017859,144.9783847
5263,-37.81092061,144.9530796
5259,-37.81114875,144.953186
5291,-37.81239674,144.951205
3082,-37.80475038,144.9574011
2291,-37.80975651,144.9705452
5268,-37.81064514,144.9529511
5265,-37.81081372,144.9530297
5266,-37.81074527,144.9529978
2410,-37.80955854,144.9715607
4286,-37.80920486,144.9558199
6259,-37.81986942,144.9480536
6842,-37.79655773,144.9581571
6333,-37.81954177,144.9504757
6126,-37.81956463,144.9447377
1949,-37.80866994,144.9707067
2294,-37.80981465,144.9703473
4178,-37.80842568,144.9595281
3797,-37.80823469,144.9548012
6215,-37.81993517,144.94719
6204,-37.81996607,144.9470024
6644,-37.81957898,144.9437014
5661,-37.80979697,144.9786254
3602,-37.80541852,144.9492407
4655,-37.82530319,144.9667128
5274,-37.81166044,144.9534244
6380,-37.81908492,144.9443389
634,-37.80879903,144.9719855
4062,-37.80390846,144.9524834
5141,-37.82592948,144.9673526
6831,-37.7971298,144.9580869
4609,-37.82455115,144.9684462
3560,-37.80883229,144.9535427
4690,-37.82567309,144.9625522
584,-37.81452914,144.9746296
2323,-37.81090752,144.9666268
5260,-37.81110016,144.9531633
4258,-37.80918964,144.9556756
4040,-37.80458592,144.9523642
4895,-37.82947215,144.9686346
4721,-37.82534054,144.9629456
815,-37.81051489,144.9698502
3844,-37.80639429,144.9539586
3957,-37.80502576,144.9537974
6877,-37.79642887,144.9645881
6876,-37.79431649,144.958431
5712,-37.81028297,144.9830375
568,-37.80869759,144.9719389
6219,-37.81962893,144.9470546
5925,-37.80283194,144.9675449
4366,-37.807201,144.9536555
5522,-37.81437469,144.9827592
5170,-37.81078456,144.9517026
2484,-37.81067402,144.9677385
714,-37.81065694,144.9697883
5262,-37.81097384,144.9531044
1326,-37.81490864,144.9579809
6850,-37.79615497,144.9582074
2321,-37.81086766,144.9667622
1009,-37.81280359,144.9626007
4433,-37.80362158,144.9547163
3044,-37.80285325,144.9568774
4432,-37.80362536,144.9547496
3157,-37.810241,144.9555931
5534,-37.81365261,144.9828828
6570,-37.8127798,144.9399745
6415,-37.8212229,144.9453826
5204,-37.81071809,144.9515977
5496,-37.8157206,144.9825298
6893,-37.79541917,144.9647606
5517,-37.81463356,144.9827149
571,-37.80858421,144.9718874
5696,-37.81013767,144.9804022
5476,-37.81134423,144.9779505
6485,-37.81552556,144.937582
5914,-37.80294749,144.9668623
5627,-37.80966491,144.9774228
5086,-37.82544093,144.9690082
6904,-37.79479955,144.9648646
2315,-37.8105556,144.9678237
3962,-37.8048618,144.9538267
4395,-37.8078066,144.9524106
3065,-37.81105803,144.9574427
4546,-37.82321938,144.9666358
574,-37.80848337,144.9718407
6586,-37.81333339,144.940802
3377,-37.8065084,144.951077
3557,-37.80892288,144.9537491
3586,-37.80851645,144.9525896
5258,-37.8112003,144.95321
3391,-37.80607035,144.9508771
5264,-37.81086695,144.9530545
5261,-37.81103045,144.9531308
5271,-37.81181255,144.9534953
2302,-37.81039698,144.9683633
5272,-37.81176185,144.9534717
5273,-37.81171114,144.953448
6676,-37.82576982,144.9624367
2415,-37.80961791,144.971358
3950,-37.80519126,144.9537679
3814,-37.80737736,144.9544048
741,-37.81577294,144.9722709
4853,-37.82886293,144.9702968
4831,-37.83127889,144.9663372
4364,-37.80717524,144.9537076
3799,-37.80818805,144.9547799
4435,-37.80359824,144.9545111
4614,-37.82438821,144.9684953
4857,-37.82888381,144.9702249
5733,-37.81087695,144.9777832
5662,-37.80980447,144.9786929
5464,-37.81053701,144.9783243
5639,-37.80971647,144.9765488
5622,-37.80962845,144.9770852
5515,-37.8147368,144.9826973
5663,-37.80981173,144.9787604
5475,-37.81139863,144.9779413
5651,-37.80980702,144.9773814
5401,-37.80989306,144.975726
5772,-37.81203633,144.9765303
5775,-37.81207203,144.9768532
5414,-37.81097081,144.9755849
5391,-37.81021797,144.9756725
5750,-37.81183232,144.9757056
5795,-37.81527188,144.976025
6866,-37.79496551,144.9583526
6218,-37.81969216,144.947081
6115,-37.81936103,144.9454413
3033,-37.8031125,144.9569984
764,-37.81475903,144.9718006
3516,-37.80867892,144.9583075
4588,-37.82513892,144.9682689
4861,-37.82890482,144.9701525
6429,-37.8204511,144.9460785
3382,-37.80630665,144.9509843
3821,-37.80721172,144.9543296
3983,-37.80417445,144.9539494
6334,-37.81960519,144.9505258
4332,-37.80930996,144.9564027
4087,-37.80495292,144.9507933
4176,-37.80840769,144.9595902
3985,-37.80412494,144.9539582
651,-37.80858937,144.9717669
4106,-37.80419441,144.9509266
4347,-37.80753987,144.9582976
5711,-37.81026319,144.9828576
5525,-37.81422,144.9827855
6295,-37.8195909,144.9491714
5498,-37.81561165,144.9825484
6426,-37.82091476,144.946201
1335,-37.81434525,144.957723
3375,-37.80657789,144.951108
2627,-37.8105944,144.9676917
6838,-37.79676019,144.9581321
2324,-37.81093249,144.9665423
1237,-37.81614931,144.9554957
1236,-37.81606519,144.9557086
2147,-37.81007913,144.9624144
1253,-37.81508671,144.955008
2288,-37.80969656,144.9707485
1248,-37.81551839,144.9554573
4829,-37.83125756,144.96641
4220,-37.80938365,144.957117
4801,-37.83014509,144.9702392
4090,-37.80476875,144.9508258
3825,-37.80711671,144.9542864
5497,-37.81566438,144.9825394
5559,-37.81230849,144.9831102
5574,-37.81114848,144.9833041
1321,-37.81535312,144.9579307
1251,-37.81519063,144.955056
2311,-37.81050349,144.9680013
3374,-37.80659981,144.9511179
3514,-37.80888302,144.9582836
2318,-37.81080965,144.9676332
1240,-37.8159577,144.9556592
3061,-37.81116922,144.9573554
3176,-37.80531082,144.9562548
2626,-37.81061209,144.9676316
4691,-37.82570056,144.9623249
1851,-37.81427725,144.9593341
1859,-37.8147584,144.9574602
1247,-37.8155675,144.9554798
2528,-37.81313564,144.9593365
4879,-37.82908915,144.9695063
6053,-37.8212188,144.9441095
5009,-37.83021493,144.9660698
5749,-37.81182447,144.9756335
1325,-37.81514999,144.9578375
3857,-37.80729075,144.9548973
2525,-37.81309344,144.9594817
2751,-37.80750908,144.9659015
3392,-37.80604907,144.9508674
686,-37.81423589,144.9716853
1246,-37.81574799,144.9553116
3036,-37.80299677,144.9570704
2308,-37.81048229,144.9680731
2628,-37.81057123,144.9677704
6490,-37.81575616,144.9377271
6572,-37.812723,144.9401269
3890,-37.80631955,144.9550709
4620,-37.82413045,144.9685709
4214,-37.80939338,144.9572033
4219,-37.80929561,144.9569719
5510,-37.81499545,144.9826533
6018,-37.82118079,144.9471614
5410,-37.81119795,144.9755457
5417,-37.81153067,144.9753898
5811,-37.81579853,144.9808156
5691,-37.81010161,144.9800764
6199,-37.82036317,144.9471606
6084,-37.81957864,144.9450037
6253,-37.81931646,144.9474649
5630,-37.80968659,144.9776254
5664,-37.80981909,144.9788279
5567,-37.81189537,144.9831792
5928,-37.80285504,144.9677571
5685,-37.81005606,144.9796595
6634,-37.81402201,144.9424976
6672,-37.82576058,144.9622545
6103,-37.8192372,144.9458706
6875,-37.79437091,144.9584261
822,-37.8096095,144.9694357
5904,-37.80292176,144.9674784
748,-37.81555296,144.9721694
642,-37.80882551,144.9718753
657,-37.80823286,144.9716031
2934,-37.8078453,144.9581087
5128,-37.82600663,144.9674379
5033,-37.82846025,144.9664113
5315,-37.82934459,144.971037
772,-37.81447147,144.9716671
5542,-37.81323986,144.9829541
6223,-37.81813759,144.9464366
683,-37.81438812,144.9717558
6643,-37.81963127,144.9437254
5580,-37.81083727,144.9833555
1350,-37.81231176,144.9567959
1332,-37.81445876,144.957526
2199,-37.81153606,144.9574247
1014,-37.81174234,144.9621122
6700,-37.8085662,144.9717562
1017,-37.81179901,144.9621385
2201,-37.81155386,144.9573634
6135,-37.81977373,144.9440145
3863,-37.80711602,144.9549287
1659,-37.81290289,144.9716065
5576,-37.8110416,144.9833218
6198,-37.82043075,144.9471794
6841,-37.7966081,144.9581508
6891,-37.79564085,144.9647229
5924,-37.80303441,144.9676544
3846,-37.80634704,144.9539371
5899,-37.80288624,144.9671548
723,-37.80937794,144.9692058
4197,-37.80871071,144.9585442
4991,-37.83012059,144.9663959
5001,-37.8301729,144.9662151
4131,-37.80347327,144.9510547
4832,-37.83128926,144.9663019
6102,-37.81922797,144.9459026
4804,-37.8301739,144.9701408
768,-37.81464632,144.9717486
4981,-37.83006291,144.9666113
4236,-37.80934752,144.9567968
6081,-37.81942251,144.9455443
5540,-37.81334254,144.9829362
1344,-37.8139155,144.9575259
3037,-37.80297373,144.9570597
6553,-37.81242059,144.938621
4569,-37.82994136,144.9692385
4616,-37.82433486,144.9685115
1245,-37.81579968,144.9553353
6886,-37.79592382,144.9646743
5469,-37.81027983,144.9783677
4777,-37.82556391,144.9617057
2700,-37.80319296,144.9439991
5474,-37.81145304,144.9779322
5917,-37.80279549,144.9672163
5386,-37.80997514,144.9727394
5561,-37.81220512,144.9831277
3996,-37.80385254,144.9540068
5375,-37.80992406,144.9729816
3067,-37.81101005,144.9574207
3106,-37.80471847,144.9572752
1861,-37.81477812,144.9573907
2195,-37.81131729,144.9576948
3017,-37.80443375,144.9577373
3064,-37.81111059,144.9574669
6887,-37.79586753,144.964684
3343,-37.81045838,144.9569111
4995,-37.83014151,144.9663235
624,-37.8089513,144.9720556
4987,-37.83009969,144.9664681
2408,-37.80954376,144.9716113
756,-37.81528916,144.9720478
4044,-37.80449319,144.9523807
1006,-37.81305338,144.9625077
6114,-37.81935188,144.945473
6154,-37.82006342,144.9430106
6273,-37.81948252,144.9484236
5470,-37.81022933,144.9783762
2675,-37.80394889,144.94956
5755,-37.81191814,144.9764948
5132,-37.82604383,144.9673101
5049,-37.82506353,144.9703014
5203,-37.81071004,144.9516265
5412,-37.81108557,144.9755651
5788,-37.81522073,144.9755537
650,-37.80863677,144.9717886
6077,-37.8188961,144.947386
4130,-37.80349628,144.9510506
5681,-37.81002657,144.9793901
5520,-37.81447884,144.9827414
3944,-37.80533677,144.9537419
5903,-37.80291836,144.9674474
5425,-37.81409732,144.9777268
6168,-37.81880283,144.9470319
6361,-37.82176881,144.950927
6645,-37.81952667,144.9436775
5504,-37.81530443,144.9826008
3558,-37.8088126,144.9536114
715,-37.81065999,144.9700415
3388,-37.80615677,144.9509164
3625,-37.80563672,144.9546246
864,-37.81414395,144.9688393
2746,-37.80809601,144.9660678
3695,-37.80497391,144.956882
6848,-37.79625573,144.9581948
3509,-37.80881969,144.9585078
2300,-37.81032823,144.9685977
1984,-37.81005359,144.9659669
4997,-37.83015204,144.9662872
6262,-37.81999936,144.9481917
5003,-37.83018334,144.966179
4574,-37.82974047,144.9690259
6207,-37.81974853,144.9469088
6406,-37.82050738,144.9455382
3345,-37.81047734,144.9568463
6409,-37.82030901,144.9454865
3372,-37.80664358,144.951138
6615,-37.81395575,144.9419832
6130,-37.8196649,144.9443883
4540,-37.82374076,144.9689663
832,-37.80922776,144.9692602
5011,-37.83022552,144.9660332
6110,-37.81930771,144.9456262
4885,-37.8291578,144.9692817
2738,-37.80867206,144.9660825
6430,-37.82038974,144.9460625
6271,-37.81936996,144.9484192
2904,-37.80861954,144.9579723
747,-37.81557575,144.9721801
3410,-37.80772158,144.9662652
2481,-37.81063979,144.9678583
4264,-37.80945053,144.9557738
6587,-37.81328049,144.9407701
6395,-37.82061381,144.94547
6702,-37.80847663,144.9717152
4989,-37.83011008,144.9664322
3513,-37.808639,144.958445
1599,-37.81670417,144.9620912
4845,-37.82888243,144.9706553
4834,-37.83130988,144.9662316
4699,-37.82562053,144.9624188
3367,-37.80411157,144.9431675
5040,-37.82843564,144.9662811
3397,-37.8058972,144.9507979
5503,-37.81535559,144.982592
5535,-37.81360135,144.9828915
3800,-37.80816467,144.954769
5673,-37.80996729,144.9788529
5643,-37.80974459,144.976808
5892,-37.80285872,144.9669048
5577,-37.81099085,144.9833304
1348,-37.81236769,144.9568214
5514,-37.81478828,144.9826885
6496,-37.8157658,144.9380115
5526,-37.81416868,144.9827942
736,-37.80853716,144.9688209
2188,-37.81120791,144.9580718
3697,-37.80495005,144.9566688
3136,-37.81115186,144.9560111
6867,-37.7949086,144.9583603
1842,-37.81382557,144.9608584
6847,-37.79630618,144.9581886
3580,-37.80840251,144.9529847
3840,-37.80648881,144.9540015
4575,-37.82958291,144.9690765
4217,-37.80930382,144.9570448
662,-37.80811492,144.9715483
3982,-37.80419932,144.953945
4374,-37.80746605,144.953112
3727,-37.80254077,144.9458218
4651,-37.82544133,144.9668673
4847,-37.82889342,144.9706174
4375,-37.8074935,144.9530554
4697,-37.82564054,144.9623953
6088,-37.82004168,144.9434045
5921,-37.80281691,144.9674134
6405,-37.82059762,144.9455604
4422,-37.80367822,144.9552152
6455,-37.81967338,144.942657
1542,-37.81448487,144.9697104
5787,-37.81521327,144.9754858
5698,-37.81015218,144.980533
5693,-37.81011602,144.9802068
5697,-37.81014496,144.9804679
5408,-37.810344,144.9753656
578,-37.81469214,144.9747051
6177,-37.8196325,144.9441845
5500,-37.81551182,144.9825653
5478,-37.81123545,144.9779689
5729,-37.81084938,144.9775293
4551,-37.82307407,144.9657548
3121,-37.80452345,144.9574444
6821,-37.79870069,144.9578933
3213,-37.8069791,144.9543512
1863,-37.81479782,144.9573211
6588,-37.81322759,144.9407383
6536,-37.81335867,144.9393085
1988,-37.81014836,144.9656418
3122,-37.80450148,144.9574486
6339,-37.8205242,144.9512522
4663,-37.82506998,144.966969
4985,-37.83008922,144.9665042
4661,-37.82512213,144.9669536
3251,-37.80710629,144.9534609
6145,-37.8199797,144.9432985
652,-37.80854402,144.9717461
5318,-37.8291853,144.9710399
4436,-37.80359471,144.9544798
3801,-37.80814069,144.9547582
4654,-37.82532917,144.9668939
4814,-37.83107034,144.9670495
685,-37.81428663,144.9717088
718,-37.80957905,144.969298
654,-37.80832265,144.9716444
4421,-37.80368201,144.9552487
4391,-37.80771698,144.9525951
6007,-37.81994715,144.9514257
5558,-37.81236164,144.9831013
5545,-37.81308415,144.9829809
5700,-37.81016618,144.9806603
2345,-37.81310896,144.9590803
3043,-37.80290518,144.9570279
6267,-37.81914482,144.9484106
6472,-37.81384003,144.9400074
6258,-37.8198261,144.9480076
5463,-37.8105892,144.9783156
3827,-37.80706883,144.9542647
4621,-37.82407309,144.9685885
5048,-37.82517116,144.9703019
646,-37.80873104,144.9718319
3103,-37.80482893,144.9572541
2494,-37.81245445,144.9617126
5349,-37.82515117,144.9608765
3353,-37.81060097,144.9564262
3998,-37.80380305,144.9540157
4067,-37.80378489,144.9525055
6212,-37.82015392,144.9472807
4428,-37.80363927,144.9548723
6396,-37.82055327,144.945454
4373,-37.80745303,144.9531387
3967,-37.80468005,144.9538592
5897,-37.80287928,144.9670919
1329,-37.81504829,144.9577909
1954,-37.80878575,144.9704872
4604,-37.82470429,144.9682768
4757,-37.82285598,144.966663
1528,-37.81372066,144.9723026
4693,-37.82568055,144.9623484
3376,-37.80655597,144.9510981
2480,-37.81063168,144.967886
2514,-37.81279545,144.9605416
6091,-37.82009733,144.9432133
6557,-37.8120671,144.9384077
6292,-37.82005376,144.9486589
6555,-37.81216493,144.9384661
6242,-37.82209418,144.9478113
6163,-37.81870905,144.9473547
6182,-37.81987513,144.9433517
3529,-37.80743172,144.9589935
6489,-37.8156659,144.9372132
3617,-37.80592786,144.9555619
4600,-37.82480832,144.9682455
6883,-37.79609381,144.9646453
4622,-37.82401882,144.9686051
6898,-37.79513699,144.9648085
2444,-37.80999153,144.9700817
4843,-37.82887149,144.970693
5090,-37.82546528,144.9689248
4822,-37.83115606,144.9667556
4441,-37.80318419,144.9508134
3034,-37.80304266,144.9570917
4805,-37.83018373,144.9701072
4228,-37.80937044,144.9569999
3860,-37.80721482,144.9549109
5145,-37.82595179,144.967276
4173,-37.80838103,144.9596822
6181,-37.81985652,144.9434156
6069,-37.8186821,144.9481293
6435,-37.81985853,144.9459237
5546,-37.81303296,144.9829894
4454,-37.80310836,144.950132
2438,-37.80992493,144.9703092
6052,-37.82114137,144.946681
5581,-37.81078548,144.9833641
6073,-37.81877643,144.9478038
5906,-37.80292853,144.96754
4334,-37.80926618,144.9564099
2673,-37.80400184,144.9495507
699,-37.81264304,144.9706997
6828,-37.79761938,144.958028
2002,-37.8104023,144.9647729
6404,-37.81966576,144.9452247
6651,-37.81512865,144.940281
2929,-37.80816191,144.9577632
6269,-37.81925514,144.948415
3143,-37.81093024,144.9561615
6235,-37.81578968,144.9454006
3356,-37.80611419,144.9522126
610,-37.81024925,144.9724068
3594,-37.80556458,144.9492247
6701,-37.80852169,144.9717358
3640,-37.80535232,144.9504113
635,-37.80866446,144.9716756
4603,-37.82471166,144.968398
5317,-37.82923913,144.9710382
2432,-37.80983613,144.9706125
2483,-37.81066599,144.967766
2535,-37.81319676,144.9591272
1012,-37.8120208,144.9620312
1013,-37.81196496,144.9620054
813,-37.81056743,144.9698741
4213,-37.80932015,144.9571897
3977,-37.80432247,144.9539231
5513,-37.81484011,144.9826797
6160,-37.81865328,144.9475476
6211,-37.82024227,144.9473164
6159,-37.81863445,144.9476123
5211,-37.81079797,144.9513132
1992,-37.81018705,144.9655096
2196,-37.81149891,144.9575527
6902,-37.79491131,144.9648463
4799,-37.83012567,144.9703057
3016,-37.80445522,144.9577469
4695,-37.82566055,144.9623719
2170,-37.81075984,144.9596148
6744,-37.80846385,144.9597404
866,-37.81404742,144.9687951
2745,-37.80815455,144.9660946
6563,-37.81255912,144.9388248
6822,-37.79864319,144.9579006
6310,-37.81987589,144.9499389
4206,-37.80878805,144.9582774
5894,-37.80286903,144.9669988
807,-37.81078292,144.969973
6148,-37.82000385,144.9432154
2649,-37.80313926,144.9482184
745,-37.81562136,144.9722013
4846,-37.82877889,144.9705868
4877,-37.82907503,144.9695678
6287,-37.81938027,144.9486328
1833,-37.81088261,144.9707524
1994,-37.81020639,144.9654435
3163,-37.81009196,144.9555248
6257,-37.81978279,144.9479615
6398,-37.8204307,144.9454222
1315,-37.81712687,144.9587539
1832,-37.81086532,144.9708109
3031,-37.80315971,144.9570208
4839,-37.82884921,144.9707698
4698,-37.82559571,144.9626446
3976,-37.80434592,144.953919
5358,-37.82450433,144.9616379
4657,-37.82522564,144.966923
6150,-37.82001998,144.94316
5155,-37.82605434,144.9669237
3969,-37.80463111,144.953868
4127,-37.80356473,144.9510384
6286,-37.81932623,144.9486307
7049,-37.81950529,144.9494723
2677,-37.80389685,144.9495692
5501,-37.8154601,144.9825742
6574,-37.81266658,144.9402758
6632,-37.81402463,144.9426339
3053,-37.80265814,144.9569132
6826,-37.7977158,144.9580161
865,-37.81409568,144.9688172
3416,-37.80775321,144.9661576
4001,-37.80616974,144.9520845
4617,-37.8239821,144.9684928
6132,-37.81968177,144.9443304
4876,-37.82906481,144.9696029
5005,-37.83019364,144.9661434
2482,-37.81064867,144.9678279
6111,-37.81931717,144.9455934
5130,-37.82602525,144.9673739
4887,-37.82916918,144.9692426
2630,-37.80458908,144.9477276
6305,-37.81956935,144.949693
5205,-37.81072656,144.951568
5372,-37.81009807,144.9729584
5370,-37.81020582,144.9729469
5909,-37.8029428,144.9676699
6411,-37.81991684,144.9453842
6591,-37.81306916,144.9406416
6064,-37.82104865,144.9433995
6408,-37.82037513,144.9455037
2146,-37.81006045,144.9624784
2726,-37.8097762,144.9610027
3137,-37.81108301,144.9562316
6878,-37.79637354,144.9645975
3117,-37.80461232,144.9574274
3530,-37.80745547,144.9589119
3710,-37.80377412,144.9569207
1242,-37.81586121,144.9556148
4713,-37.82546048,144.9626066
746,-37.81559854,144.9721908
917,-37.8142635,144.9687694
808,-37.81075788,144.9699616
833,-37.80898079,144.969147
5357,-37.82454242,144.9615931
5648,-37.80978494,144.9771796
6072,-37.81875907,144.9478638
6861,-37.79525292,144.9583184
1744,-37.8122656,144.970217
5550,-37.81282463,144.9830244
5566,-37.81194666,144.9831707
6329,-37.81884402,144.9499249
586,-37.81422587,144.9742692
5744,-37.81097948,144.9770174
615,-37.80993392,144.972373
4292,-37.80943683,144.9560439
5135,-37.82590739,144.9674285
4650,-37.82548488,144.9668568
3726,-37.80323523,144.9504106
659,-37.80818624,144.9715812
4291,-37.80943223,144.9559812
4562,-37.83012548,144.9692045
754,-37.81533488,144.9720688
3952,-37.80514394,144.9537763
2457,-37.81033815,144.9688872
4025,-37.80500303,144.9522899
6039,-37.82108791,144.9428209
6475,-37.81425262,144.9387628
6298,-37.8195259,144.9493991
5562,-37.81215318,144.9831362
5508,-37.81509805,144.9826358
6561,-37.8126733,144.9388936
6845,-37.79640745,144.9581758
6045,-37.81982898,144.9512237
6862,-37.79519755,144.9583236
6618,-37.81402454,144.9416295
3229,-37.8060872,144.9539446
3380,-37.80634891,144.9510035
2440,-37.80995072,144.9702211
4841,-37.82886062,144.9707305
3225,-37.80628774,144.9540361
1737,-37.81182606,144.9711621
6136,-37.81978379,144.94398
5148,-37.82597406,144.9671995
3370,-37.80668571,144.9511569
1993,-37.81024273,144.9655048
3701,-37.8038648,144.9577258
5121,-37.82585602,144.9676046
3381,-37.80632778,144.9509939
6112,-37.81932658,144.9455605
6413,-37.81980591,144.9453547
915,-37.81433785,144.9688029
824,-37.80950116,144.9693859
3959,-37.80497787,144.9538059
2502,-37.81261144,144.9611759
5371,-37.81015338,144.9729524
4356,-37.80846791,144.9525733
6240,-37.82198712,144.9477842
1451,-37.81438925,144.9741645
1848,-37.81412239,144.9598662
1736,-37.81194106,144.9713216
6909,-37.79439609,144.9648827
1250,-37.81524475,144.9550807
3489,-37.80833892,144.9601745
6534,-37.81350938,144.9393999
3058,-37.8111945,144.9575054
4174,-37.8083898,144.9596519
3948,-37.80523878,144.9537594
4613,-37.82409523,144.9684596
4192,-37.80857614,144.9590087
4828,-37.83124702,144.9664459
5083,-37.82527459,144.9695789
3897,-37.80606704,144.955116
2491,-37.81236141,144.9619399
4813,-37.83106018,144.9670844
5154,-37.82604686,144.9669495
2495,-37.81243139,144.9617018
3257,-37.80701384,144.9534776
4599,-37.82481795,144.9683659
1745,-37.81228373,144.9701528
3394,-37.80598364,144.9508381
6620,-37.81397369,144.9417641
4601,-37.82476473,144.9683819
4598,-37.82487046,144.9683499
3490,-37.80835569,144.9601158
3665,-37.80498134,144.9486975
2735,-37.80867326,144.9607074
6564,-37.81250227,144.9387905
4806,-37.83018849,144.970076
5097,-37.8256283,144.9687356
5308,-37.82829246,144.9655391
4208,-37.80880491,144.9582193
956,-37.81121091,144.9673684
2421,-37.80967589,144.9711599
4539,-37.82372251,144.9690298
5905,-37.80292515,144.9675092
2437,-37.80991773,144.9703338
4263,-37.80947581,144.955832
4245,-37.80950645,144.955616
2492,-37.81241879,144.9618336
2644,-37.8033078,144.9481882
5572,-37.81125228,144.9832869
5547,-37.8129817,144.982998
5554,-37.81256743,144.9830671
4548,-37.82320873,144.9665668
5493,-37.81233742,144.9833424
567,-37.80825367,144.9714849
1460,-37.81468913,144.9729384
5557,-37.81241404,144.9830925
3050,-37.80272572,144.9569445
4808,-37.83024554,144.9698987
3365,-37.80421265,144.9431495
3095,-37.80510085,144.9573329
2752,-37.80745531,144.9659085
4592,-37.82503226,144.9683011
5362,-37.82405865,144.9621615
713,-37.81071046,144.9698128
4570,-37.82985542,144.9690793
5354,-37.82486982,144.9612077
4844,-37.82876804,144.9706237
6203,-37.82005522,144.947043
953,-37.81130687,144.9674122
5505,-37.81525341,144.9826095
633,-37.80878491,144.9717313
4114,-37.80400887,144.9509595
6247,-37.82224057,144.9467611
916,-37.81428853,144.9687806
1531,-37.81395416,144.9720599
4751,-37.82489824,144.9634649
4594,-37.82497915,144.9683172
3175,-37.80536752,144.9562449
3114,-37.80449756,144.9573175
4696,-37.82561505,144.9626215
6414,-37.81975063,144.94534
3387,-37.80617782,144.9509259
2326,-37.81118873,144.9663141
5099,-37.82564683,144.968672
5674,-37.80997471,144.9789201
4054,-37.80420233,144.9524318
846,-37.8084861,144.9689194
5065,-37.82515224,144.9699966
757,-37.8152664,144.9720373
2433,-37.80984383,144.9705864
5106,-37.8255296,144.9687045
5461,-37.81069143,144.9782983
5389,-37.81028303,144.9756616
6060,-37.82111067,144.9436584
6625,-37.81360587,144.9418344
6585,-37.81338309,144.9408338
6889,-37.79575459,144.9647034
6639,-37.81958026,144.9435401
6903,-37.79485544,144.9648557
6834,-37.79696749,144.9581065
6328,-37.8187948,144.9498862
6541,-37.8135905,144.9393297
6908,-37.79445161,144.9648846
6565,-37.81244522,144.9387559
5047,-37.82505591,144.9703287
5337,-37.82654574,144.9677204
4837,-37.82883739,144.9708106
1872,-37.81495624,144.9569599
588,-37.81412716,144.9742233
4586,-37.82519218,144.9682528
5109,-37.82555381,144.968622
1867,-37.81489752,144.957165
3404,-37.80768038,144.966405
3118,-37.80459006,144.9574317
628,-37.80893654,144.9718013
4118,-37.80377343,144.9510011
841,-37.80867695,144.9690072
6360,-37.82179703,144.950814
825,-37.80947408,144.9693734
6249,-37.81913961,144.947277
6234,-37.81584632,144.9454256
6146,-37.81998773,144.9432709
5255,-37.81203413,144.9514041
6220,-37.8195396,144.9470132
6143,-37.81995237,144.9433924
6108,-37.8192888,144.9456917
6386,-37.82012666,144.944363
6438,-37.81969704,144.9458816
3593,-37.80560045,144.9492299
675,-37.81544634,144.9719986
592,-37.81397606,144.974153
3515,-37.8086588,144.9583767
6562,-37.81261599,144.9388591
6890,-37.79569727,144.9647132
4046,-37.80438595,144.9523992
4611,-37.82415179,144.9684429
5013,-37.830236,144.965997
4659,-37.82517411,144.9669383
3991,-37.80397644,144.9539847
6140,-37.81992818,144.9434756
4851,-37.82884198,144.9703689
4559,-37.83021142,144.9693649
4225,-37.80927094,144.956753
912,-37.81440745,144.9688341
4354,-37.80843101,144.9527013
913,-37.81438396,144.9688236
843,-37.80859359,144.9689689
4565,-37.83004899,144.9692889
5051,-37.8250716,144.9702734
5147,-37.82596658,144.9672252
2696,-37.80304693,144.9440248
6251,-37.81922803,144.9473708
2698,-37.80308929,144.9440171
6090,-37.82007901,144.9432763
6871,-37.79459801,144.9583991
6603,-37.81390575,144.9412726
1730,-37.81188777,144.9715038
2676,-37.80393278,144.9493728
3371,-37.80666464,144.9511474
5101,-37.82566543,144.9686084
3598,-37.80549057,144.949229
3500,-37.80833579,144.9594961
6678,-37.82573113,144.9624829
618,-37.80996089,144.9722725
2289,-37.80971709,144.9706789
3627,-37.80562911,144.9545572
1995,-37.81026292,144.9654357
2999,-37.80532073,144.9581437
589,-37.81494561,144.9748225
4653,-37.82535375,144.9666982
2287,-37.80967228,144.9708341
2749,-37.80793927,144.965996
2900,-37.80947358,144.9583021
2642,-37.80336189,144.9481785
4016,-37.80568964,144.9521708
5411,-37.81114141,144.9755554
5151,-37.82599611,144.9671241
5201,-37.81069382,144.9516844
2441,-37.80995806,144.970196
2477,-37.81056562,144.9681095
4008,-37.80598064,144.9521185
3767,-37.80843418,144.9578263
4282,-37.809245,144.9558124
5462,-37.81064054,144.9783069
5537,-37.81349865,144.982909
5764,-37.81197519,144.9759723
5635,-37.80968799,144.9762857
6023,-37.82128409,144.9468033
5692,-37.8101088,144.9801415
5636,-37.80969521,144.9763525
5682,-37.81003395,144.9794575
5551,-37.81277389,144.9830328
5781,-37.8121263,144.9773535
5548,-37.81292959,144.9830068
5555,-37.81251655,144.9830755
5780,-37.81211825,144.9772799
6241,-37.82204065,144.9477978
1990,-37.81016771,144.9655757
1330,-37.81480929,144.9579356
3015,-37.80447676,144.9577564
1458,-37.81465306,144.9730614
6200,-37.82027323,144.9471289
3149,-37.81074368,144.9558233
590,-37.81407623,144.9741996
1351,-37.81254301,144.9566517
3347,-37.81049602,144.9567827
1328,-37.81485886,144.9579582
1535,-37.81399487,144.9719215
753,-37.8154107,144.9721042
623,-37.80908828,144.9718713
888,-37.81124641,144.9675098
829,-37.80933865,144.9693112
2524,-37.81308471,144.9595116
4216,-37.80939007,144.9571739
6109,-37.81929825,144.9456589
5352,-37.82494608,144.961118
849,-37.80837946,144.9688703
4758,-37.8228259,144.96672
5127,-37.82587804,144.9675291
3536,-37.80758626,144.9584605
5356,-37.82479338,144.9612975
5409,-37.81029041,144.9753746
4538,-37.82370425,144.9690935
5530,-37.81396217,144.9828293
579,-37.80828125,144.9717475
6186,-37.81994956,144.9430957
6173,-37.81944613,144.9448343
5686,-37.81006325,144.9797259
6248,-37.81909966,144.947227
5575,-37.81109579,144.9833128
2664,-37.80429711,144.9493087
4773,-37.82565551,144.9618299
3217,-37.80677369,144.9542578
4606,-37.8246515,144.9682927
5022,-37.8302883,144.9658162
6923,-37.81330885,144.9684568
6482,-37.81564017,144.9369101
3528,-37.80741316,144.9590573
4702,-37.82555701,144.9626908
3218,-37.80672373,144.954235
6456,-37.81961436,144.9426312
1953,-37.8087669,144.9705523
6469,-37.81521307,144.9369263
3772,-37.80816675,144.9578727
2689,-37.80357973,144.9496251
4177,-37.80841695,144.9595582
6699,-37.8086132,144.9717778
5133,-37.8259,144.9674536
6155,-37.82007148,144.9429829
1118,-37.81382424,144.9601594
2648,-37.80319152,144.948209
5549,-37.81287661,144.9830158
6058,-37.82114193,144.9437888
2445,-37.809999,144.9700562
3115,-37.8046577,144.9574187
3555,-37.80890294,144.9538184
6577,-37.81257795,144.940508
684,-37.81433738,144.9717323
6391,-37.82031364,144.9445508
3120,-37.80454551,144.9574402
3628,-37.80582918,144.9546855
3527,-37.8073946,144.9591211
3400,-37.80585475,144.9507787
6471,-37.8138151,144.9400728
2747,-37.80804,144.9660421
3877,-37.80671676,144.9549999
812,-37.81062406,144.9699004
3722,-37.80327516,144.9507828
823,-37.80957988,144.9694221
4749,-37.82491812,144.9634425
5074,-37.82520079,144.9698296
4561,-37.83015795,144.9693399
4825,-37.83118341,144.9666486
3699,-37.80492756,144.9565214
4116,-37.80381999,144.9509928
4129,-37.80351884,144.9510465
4053,-37.80422439,144.9524279
5303,-37.82822269,144.9651809
4349,-37.80802813,144.9540982
6006,-37.81992866,144.9514893
6194,-37.82074851,144.947264
6009,-37.81998414,144.9512977
6296,-37.81956922,144.9492473
4445,-37.80314611,144.9504685
4401,-37.80789968,144.9522189
5689,-37.81008725,144.9799464
5569,-37.8117751,144.9831991
6158,-37.81861519,144.9476786
6307,-37.81970875,144.9498029
5683,-37.81004134,144.9795248
5511,-37.81494395,144.9826621
5502,-37.81540765,144.9825831
5404,-37.81055374,144.9753291
6390,-37.82036873,144.9445749
3139,-37.81103183,144.9562081
6549,-37.81261906,144.9387416
3219,-37.806674,144.9542124
6416,-37.82116723,144.9453678
1866,-37.81487795,144.9572334
6433,-37.82020558,144.9460144
1868,-37.8149171,144.9570967
2714,-37.80782281,144.9601077
6905,-37.79462774,144.9648824
1457,-37.81463433,144.9731253
6617,-37.81405078,144.9415608
5079,-37.82524146,144.9696898
4866,-37.82893653,144.9700437
4842,-37.82875729,144.9706602
5138,-37.82609956,144.967119
755,-37.81531202,144.9720583
3368,-37.80406032,144.9431767
6138,-37.81980391,144.9439109
4597,-37.82493803,144.9682057
6156,-37.82007954,144.9429551
2413,-37.80959173,144.9714474
884,-37.81144071,144.9673491
3673,-37.8049688,144.9485851
5740,-37.81094999,144.9767461
3834,-37.80665469,144.9540772
5677,-37.80999697,144.9791214
3971,-37.80453121,144.953886
4371,-37.80742646,144.9531933
5680,-37.81001921,144.9793228
4270,-37.80936811,144.9557894
946,-37.81157057,144.9675323
5240,-37.81163085,144.9528306
840,-37.80870382,144.9690196
5486,-37.81034604,144.9781159
4055,-37.80417913,144.9524359
3865,-37.807064,144.954938
5489,-37.81016197,144.9781462
5675,-37.80998214,144.9789872
5397,-37.81002289,144.9757047
5679,-37.81001179,144.9792555
5726,-37.81076241,144.9767311
1849,-37.81424026,144.9594621
5785,-37.81215577,144.9776229
5719,-37.81071163,144.9762632
5752,-37.81184753,144.9758456
5759,-37.8119199,144.9754661
3145,-37.81087894,144.956138
3060,-37.81115537,144.9574875
6068,-37.8186647,144.9481893
1847,-37.81410437,144.959928
609,-37.81072916,144.972657
1850,-37.81425874,144.9593981
6373,-37.82036247,144.9440263
3820,-37.80723525,144.9543403
5314,-37.8293973,144.9710368
629,-37.80888641,144.9717781
4590,-37.82508581,144.9682849
5338,-37.82649822,144.9677347
4180,-37.80844275,144.9594691
5342,-37.82629355,144.9677962
4595,-37.82498705,144.9681907
4372,-37.80743963,144.9531662
5119,-37.82584269,144.9676552
3564,-37.80887229,144.9534031
6706,-37.81040613,144.9698001
5150,-37.8259887,144.9671493
4328,-37.80925114,144.956219
4005,-37.80605009,144.952106
5091,-37.82557235,144.9689278
5373,-37.81004033,144.9729653
5506,-37.81520232,144.9826182
6230,-37.81656996,144.9457444
5678,-37.81000437,144.9791884
5910,-37.80294624,144.9677011
5443,-37.8130653,144.9778975
6254,-37.81936057,144.947512
6655,-37.81979386,144.9513448
5488,-37.81021238,144.9781379
5399,-37.80995784,144.9757155
5676,-37.80998955,144.9790543
6050,-37.82109686,144.9468347
6284,-37.81921817,144.9486267
6631,-37.81397041,144.9425503
604,-37.81098467,144.9727664
1733,-37.81176666,144.9713643
620,-37.8099101,144.9722488
6419,-37.82099788,144.9453242
3644,-37.80533796,144.9502834
6560,-37.81278165,144.9389593
1456,-37.81461556,144.9731894
6616,-37.81392736,144.9420575
591,-37.81402594,144.9741762
3606,-37.80598355,144.9588446
674,-37.80913844,144.9718945
751,-37.81545645,144.9721251
4821,-37.83114582,144.9667907
4014,-37.80573413,144.9521627
4388,-37.80768164,144.9526679
4341,-37.80746736,144.9585457
5307,-37.82828614,144.965512
3946,-37.80528571,144.953751
5891,-37.80285527,144.9668734
5107,-37.82553759,144.9686772
5898,-37.80288266,144.9671226
5120,-37.82584861,144.9676296
6178,-37.81965062,144.9441227
6176,-37.81961385,144.9442484
5481,-37.81070636,144.9780564
5536,-37.81355041,144.9829001
5918,-37.80296432,144.9670157
5727,-37.81077143,144.9768138
6327,-37.81872957,144.9498351
5699,-37.81015926,144.9805966
6545,-37.81339199,144.9392095
5392,-37.81018553,144.9756779
5556,-37.81246597,144.9830839
6652,-37.81361385,144.9425344
6401,-37.82024697,144.9453748
4610,-37.82449765,144.9684623
6662,-37.82540533,144.9666832
630,-37.81479679,144.9747535
6820,-37.79875733,144.9578877
4811,-37.83029576,144.9696838
721,-37.80943938,144.9694766
5144,-37.82594443,144.9673019
6896,-37.79525073,144.9647893
5105,-37.82570154,144.968483
4125,-37.80361053,144.9510301
2452,-37.81028644,144.9690624
644,-37.80877846,144.9718537
3810,-37.80747173,144.9544477
5790,-37.81523578,144.9756888
572,-37.81474542,144.9747298
2476,-37.81055768,144.9681371
6104,-37.81924644,144.9458386
2442,-37.80996544,144.9701708
5156,-37.82606224,144.9668983
5491,-37.81254119,144.9833059
2680,-37.80382682,144.9493915
5684,-37.81004871,144.9795922
5804,-37.81574719,144.9803479
6551,-37.81251832,144.9386805
6423,-37.82107668,144.9462438
2297,-37.81046795,144.9687919
6378,-37.81943323,144.9444161
3588,-37.80845438,144.9523958
3389,-37.80611292,144.9508966
3508,-37.80880062,144.9585734
1533,-37.81397476,144.9719899
6124,-37.81954633,144.944801
3675,-37.80496416,144.9485435
6673,-37.82574057,144.962278
5080,-37.82524971,144.9696624
4536,-37.82364856,144.969288
3604,-37.80596467,144.9589089
5112,-37.82557784,144.9685393
4186,-37.80852426,144.9591879
5792,-37.81525038,144.9758225
5387,-37.81034821,144.9756509
6422,-37.82098316,144.9454158
6175,-37.81959521,144.9443124
6434,-37.82014417,144.9459998
6197,-37.8205206,144.9472059
5725,-37.81075418,144.9766552
5695,-37.81013047,144.9803372
5735,-37.81090675,144.9763542
2685,-37.80368581,144.9496064
6283,-37.81916413,144.9486245
6174,-37.81947403,144.9447381
719,-37.80952821,144.9692747
885,-37.81138739,144.9673245
3025,-37.8035905,144.9572218
4716,-37.82540022,144.9628756
3003,-37.80514354,144.9580621
3707,-37.80396233,144.9569682
3470,-37.80782429,144.9619438
4593,-37.82503695,144.9681755
3000,-37.80528746,144.9581284
1734,-37.81192268,144.9713844
1741,-37.81190347,144.9708985
4881,-37.8291362,144.9693559
5209,-37.81078187,144.9513706
760,-37.81519773,144.9720058
5021,-37.83027812,144.9658514
4128,-37.80354154,144.9510425
4544,-37.82323016,144.9667054
5037,-37.82844809,144.966347
3808,-37.8075196,144.9544693
4976,-37.82989052,144.9671928
810,-37.81067552,144.9699239
4430,-37.80363225,144.9548103
2412,-37.80958477,144.9714712
809,-37.81073243,144.9699502
5053,-37.82507968,144.9702456
5059,-37.82512783,144.97008
6129,-37.81965647,144.9444173
6569,-37.81300318,144.9393848
5762,-37.81194402,144.975685
6079,-37.81893006,144.9472674
5405,-37.81050471,144.9753384
6709,-37.81645801,144.9456949
5913,-37.8027812,144.9670857
5761,-37.81193638,144.9756157
6425,-37.82096898,144.9462153
6487,-37.81559578,144.9373975
2679,-37.80384577,144.9495782
5564,-37.81204981,144.9831535
4689,-37.82572057,144.9623014
6658,-37.80472721,144.9574055
4820,-37.83113467,144.966829
5070,-37.82537644,144.9695985
5134,-37.82606239,144.9672464
5098,-37.82549742,144.968815
5102,-37.82551349,144.9687595
850,-37.80933838,144.96943
5137,-37.82591474,144.9674031
3503,-37.80835498,144.9594296
827,-37.80939071,144.9693351
4431,-37.80362895,144.9547813
6226,-37.81679387,144.9458432
4069,-37.8037358,144.9525142
830,-37.80928025,144.9692843
4537,-37.82368544,144.9691577
4358,-37.80708349,144.9538956
4535,-37.82363235,144.969344
5492,-37.81240392,144.9833322
5472,-37.81012837,144.9783931
6304,-37.81921901,144.9494167
4563,-37.83010347,144.9693144
6260,-37.81991273,144.9480997
6270,-37.81931142,144.9484171
2127,-37.80909407,144.9657696
1740,-37.81186443,144.9710311
6635,-37.81407592,144.9425816
874,-37.81246043,144.9680647
6606,-37.81458769,144.9403743
6453,-37.81991848,144.9427691
5355,-37.82483151,144.9612527
4591,-37.82508628,144.9681604
5126,-37.82598803,144.9675018
5361,-37.82409823,144.962115
2407,-37.80953618,144.9716371
4190,-37.8085589,144.9590681
5341,-37.82634181,144.9677817
6703,-37.80830032,144.9716342
4596,-37.82492498,144.9683335
3804,-37.80806758,144.9547247
5304,-37.82822897,144.9652072
4348,-37.80798971,144.9542335
5055,-37.82508785,144.970218
6019,-37.8212014,144.9470898
577,-37.8083316,144.9717707
6076,-37.81887903,144.9474453
5388,-37.8103156,144.9756563
5723,-37.81073976,144.9765223
5783,-37.81214097,144.9774877
5907,-37.802932,144.9675715
5715,-37.81068357,144.9760056
5690,-37.81009442,144.9800114
5765,-37.81198301,144.976043
6839,-37.79670893,144.9581383
6873,-37.79448458,144.9584121
6268,-37.8192011,144.9484129
6410,-37.81997219,144.9453979
4701,-37.82560053,144.9624423
3049,-37.80274804,144.9569549
4753,-37.82488656,144.9634879
3379,-37.80645835,144.9510541
4797,-37.83003768,144.9705622
4704,-37.82553774,144.9627139
687,-37.81370896,144.971443
3511,-37.80883968,144.958439
4589,-37.82513495,144.9681455
3124,-37.8044574,144.957457
611,-37.81016283,144.9723667
5269,-37.81059402,144.9529272
2427,-37.80978257,144.9707962
5400,-37.80992531,144.9757209
5123,-37.82586334,144.9675793
5100,-37.82550552,144.9687871
950,-37.81137804,144.9674447
5131,-37.82589267,144.9674788
5254,-37.81201524,144.9514712
3858,-37.80726545,144.9549018
5110,-37.8255618,144.9685941
826,-37.80944784,144.9693614
3771,-37.80822005,144.9578634
5721,-37.81072559,144.9763918
4313,-37.80920769,144.9560226
5092,-37.82547314,144.9688975
5093,-37.825591,144.9688637
952,-37.81133017,144.9674228
5777,-37.81209586,144.9770746
5767,-37.81199836,144.9761823
6613,-37.81408226,144.9416512
6256,-37.81973947,144.9479154
6289,-37.81948833,144.948637
6085,-37.8195966,144.9449417
6261,-37.81995604,144.9481458
6162,-37.81869043,144.9474187
6607,-37.81455637,144.9404361
6250,-37.81918379,144.9473239
6290,-37.81993843,144.9486545
6522,-37.81230145,144.936251
6483,-37.81556557,144.936865
5789,-37.81522825,144.9756204
1539,-37.8144264,144.9699071
811,-37.8106499,144.9699122
3809,-37.80749565,144.9544585
1956,-37.8088383,144.9703063
640,-37.80887308,144.9718971
2430,-37.80982084,144.9706648
6856,-37.79571994,144.9582597
3119,-37.80456773,144.9574359
3642,-37.80534515,144.9503474
882,-37.81154817,144.9673986
5142,-37.82613535,144.9669967
4706,-37.8255183,144.9627368
3125,-37.8044346,144.9574613
5113,-37.82558593,144.9685116
5757,-37.81190422,144.9753242
5207,-37.81076591,144.9514275
5753,-37.81190265,144.9763519
5458,-37.81084976,144.9782719
3984,-37.80414983,144.9539539
6436,-37.81980504,144.9459096
6417,-37.82111078,144.945353
957,-37.81118719,144.9673576
5413,-37.81102795,144.975575
3894,-37.80614035,144.9551029
6265,-37.81903226,144.9484063
4122,-37.80368004,144.9510179
4126,-37.80358787,144.9510343
5571,-37.81131003,144.9832773
6385,-37.82028447,144.9444362
948,-37.81142549,144.9674663
2204,-37.81148039,144.9571318
3414,-37.80774341,144.9661908
6823,-37.79858526,144.9579074
3360,-37.80606679,144.9519844
6868,-37.79476702,144.9583801
3047,-37.80279276,144.9569757
2200,-37.81144327,144.9572599
6854,-37.795828,144.9582505
3224,-37.80634788,144.9540635
3030,-37.80314504,144.9571394
6573,-37.81269135,144.9402106
2754,-37.80735089,144.965922
1981,-37.809996,144.9661638
4532,-37.81074105,144.9596787
3133,-37.81118457,144.9562781
6466,-37.8151345,144.9371276
698,-37.81269374,144.9707233
2512,-37.81276861,144.9606346
6137,-37.81979385,144.9439454
5333,-37.82709315,144.9711469
4568,-37.82996578,144.9691306
6107,-37.81928018,144.9457215
4382,-37.80759513,144.9528461
3713,-37.80375078,144.9567101
947,-37.81147462,144.9674889
4440,-37.80329123,144.95176
5125,-37.82587073,144.9675543
4350,-37.80804515,144.9540396
951,-37.81135347,144.9674335
4542,-37.82324114,144.9667747
1011,-37.81207663,144.9620571
4183,-37.80849717,144.9592815
5714,-37.81067634,144.9759394
5718,-37.81070463,144.9761987
6647,-37.81942212,144.9436295
5756,-37.81192571,144.9765646
6532,-37.81360685,144.9394589
6708,-37.81640203,144.9456702
1358,-37.81208823,144.9566934
5499,-37.81556242,144.9825568
1453,-37.81442661,144.9740371
6900,-37.79502496,144.9648273
593,-37.81392533,144.9741295
5364,-37.81060749,144.9729526
6228,-37.81668191,144.9457938
5533,-37.81370424,144.9828741
5915,-37.80278835,144.967151
697,-37.81274444,144.9707469
3398,-37.80587597,144.9507883
2460,-37.81036429,144.9687979
770,-37.81451935,144.9716893
5146,-37.82595911,144.9672508
2930,-37.80813753,144.9577675
5077,-37.82522531,144.9697454
6523,-37.812263,144.9362268
2314,-37.81075193,144.9678279
2327,-37.81120739,144.9662508
6213,-37.82008928,144.947257
1998,-37.81024504,144.9653113
5394,-37.81012047,144.9756886
4533,-37.8235959,144.9694703
5638,-37.80970943,144.9764836
2928,-37.80818616,144.9577589
3384,-37.80626438,144.9509651
3123,-37.80447946,144.9574528
4587,-37.82518055,144.9681315
4705,-37.82556052,144.9624892
5166,-37.80972376,144.9709964
2459,-37.81035539,144.9688283
703,-37.81244024,144.9706051
5136,-37.82608094,144.9671826
5153,-37.82603933,144.9669752
4117,-37.80379679,144.9509969
4343,-37.807488,144.958475
6352,-37.8213338,144.9506269
5256,-37.81205331,144.9513361
6474,-37.81422997,144.9388327
6055,-37.82118882,144.9439845
5758,-37.81191207,144.975395
5771,-37.81202872,144.9764601
5736,-37.81091627,144.9764401
6384,-37.82033948,144.9444604
6439,-37.81964303,144.9458676
6324,-37.82146027,144.9511824
954,-37.81125751,144.9673896
5688,-37.81008007,144.9798815
5094,-37.82548124,144.9688702
4012,-37.80586112,144.9521399
3693,-37.80498324,144.9569552
3385,-37.80621993,144.950945
1005,-37.81310438,144.9625311
5129,-37.82588527,144.9675038
3896,-37.80609244,144.9551115
595,-37.81382463,144.9740828
3893,-37.80624415,144.9550843
625,-37.80903752,144.9718479
647,-37.80870735,144.971821
5728,-37.81084268,144.9774676
5722,-37.81073265,144.9764569
2651,-37.80487227,144.9492079
6166,-37.81876569,144.9471604
6558,-37.81202035,144.9383796
6020,-37.82122207,144.9470182
6049,-37.82108042,144.9468916
5578,-37.8109409,144.9833387
6846,-37.79635653,144.9581821
2682,-37.80377543,144.9494006
6554,-37.81221174,144.9384939
6543,-37.81348984,144.9392686
6167,-37.8187843,144.9470963
5642,-37.80973763,144.976744
3046,-37.80280546,144.9568553
3102,-37.80490726,144.957371
1728,-37.81171269,144.9715458
5017,-37.83025691,144.9659247
4283,-37.80925038,144.9558742
2420,-37.80966734,144.9711889
5768,-37.81200577,144.9762477
5143,-37.82593687,144.9673274
4345,-37.80751061,144.9583977
5579,-37.81088921,144.983347
4193,-37.80858465,144.9589793
5248,-37.81182575,144.9521416
5302,-37.82821654,144.9651477
5895,-37.80287248,144.96703
5368,-37.8103173,144.972941
5081,-37.82525775,144.9696345
3955,-37.80507303,144.953789
3943,-37.80536284,144.9537372
3770,-37.80827332,144.9578542
1986,-37.81016912,144.9657566
6266,-37.81908854,144.9484085
2298,-37.81048682,144.9687281
6078,-37.81891316,144.9473267
6308,-37.81975611,144.9498403
2299,-37.81030366,144.9686814
6288,-37.8194343,144.9486348
6901,-37.79496804,144.9648369
7053,-37.80565352,144.9594879
3006,-37.80506701,144.9580271
6164,-37.818728,144.9472902
6467,-37.81516054,144.9370605
6221,-37.81947608,144.9469873
3276,-37.80649439,144.953434
6544,-37.8134395,144.9392382
2428,-37.80979177,144.970764
6141,-37.81993625,144.9434479
5332,-37.82714658,144.9711492
4015,-37.80571127,144.9521668
4564,-37.83006773,144.9691777
3705,-37.80397058,144.9570409
4703,-37.82558052,144.9624657
742,-37.81575044,144.9722607
5075,-37.82520899,144.9698017
3768,-37.80838047,144.9578356
5538,-37.81344691,144.982918
6264,-37.81897597,144.9484042
5416,-37.81158916,144.9753806
5202,-37.81070196,144.9516554
6403,-37.8197305,144.9452405
4359,-37.80709671,144.9538684
5250,-37.8118621,144.9520133
6063,-37.82106378,144.9434627
5230,-37.8117282,144.9520698
5229,-37.81171126,144.9521297
5541,-37.81329105,144.9829451
6899,-37.79508119,144.9648178
7052,-37.80570433,144.9595112
6524,-37.81229556,144.9361306
4838,-37.82873656,144.970731
632,-37.80883572,144.9717547
5339,-37.82644689,144.9677501
6874,-37.79442688,144.9584191
639,-37.80889656,144.9719079
5087,-37.82544915,144.9689799
5095,-37.82560967,144.9687996
3535,-37.80756762,144.9585246
5088,-37.82545733,144.9689522
4404,-37.80793738,144.9521413
5737,-37.81092498,144.9765189
6297,-37.81954756,144.9493232
775,-37.81436682,144.9716188
6206,-37.81981293,144.9469352
5406,-37.81045116,144.9753475
6131,-37.81967334,144.9443593
921,-37.81416846,144.9687267
4172,-37.80837237,144.959712
5177,-37.81044479,144.9525716
6659,-37.81195046,144.9516999
6236,-37.81573303,144.9453756
5896,-37.80287588,144.967061
3806,-37.80756751,144.9544912
4848,-37.8287835,144.9705581
3632,-37.80559939,144.9542931
6646,-37.8194744,144.9436534
5103,-37.82568402,144.9685442
4573,-37.82963169,144.9690986
6358,-37.82156871,144.9504413
3111,-37.80477356,144.9573967
5344,-37.82608979,144.9678581
1536,-37.81379596,144.9720445
3596,-37.80552845,144.9492246
6428,-37.8205114,144.9460947
6101,-37.81921926,144.9459329
6321,-37.82131491,144.9510674
5068,-37.82535748,144.9696626
5532,-37.8137529,144.9828656
5539,-37.8133943,144.9829272
5760,-37.81192834,144.9755428
5176,-37.81043606,144.9526028
4346,-37.80752483,144.958349
5528,-37.81406523,144.9828119
6119,-37.81949367,144.9449829
5560,-37.81225657,144.983119
3847,-37.8063234,144.9539264
5713,-37.81066931,144.9758752
5253,-37.81196776,144.9516389
6118,-37.81948453,144.9450145
776,-37.81434286,144.9716078
2434,-37.8098634,144.9705196
6621,-37.81394896,144.9418296
2310,-37.81069422,144.9680227
6552,-37.81246805,144.9386498
2915,-37.80840683,144.95772
5343,-37.82614027,144.9678425
6325,-37.81856687,144.9497072
1999,-37.81030211,144.9653016
6614,-37.81404995,144.9417357
3039,-37.80295083,144.9570491
3676,-37.804961,144.9485153
3708,-37.80378169,144.956989
6381,-37.81903333,144.9443151
2301,-37.81034688,144.9685342
6830,-37.79718407,144.9580805
656,-37.80825617,144.9716136
5084,-37.82542148,144.9690761
4188,-37.80854142,144.9591284
5073,-37.82519269,144.9698575
5032,-37.8283989,144.9665413
3769,-37.80832687,144.9578448
5301,-37.82821017,144.9651145
5082,-37.82526585,144.9696066
4729,-37.82526182,144.9630381
5140,-37.82611812,144.9670549
655,-37.80827816,144.9716238
4336,-37.80740304,144.9587671
5149,-37.82598138,144.9671744
4240,-37.80933436,144.9566801
5108,-37.82554568,144.9686497
4101,-37.80431152,144.9509058
6412,-37.81986137,144.9453695
6533,-37.81355808,144.9394294
6217,-37.81978257,144.9471226
6051,-37.82111334,144.9467777
5363,-37.81068351,144.97296
6542,-37.81354017,144.9392991
6604,-37.81465517,144.9402569
6086,-37.81999646,144.9435598
6589,-37.81317468,144.940706
6650,-37.81509734,144.9403418
6566,-37.81238797,144.9387212
2706,-37.80342859,144.9439571
1241,-37.81590734,144.955636
5650,-37.80979976,144.9773145
5641,-37.80973085,144.9766814
3704,-37.80379542,144.9571126
5353,-37.82490832,144.9611623
5340,-37.82639434,144.9677659
2518,-37.8128304,144.9604211
3005,-37.80508968,144.9580374
3008,-37.80495739,144.9579768
3719,-37.8033264,144.9529041
2414,-37.80959904,144.9714224
5152,-37.82603196,144.967001
5096,-37.82548924,144.9688427
645,-37.80875481,144.9718428
5348,-37.82531767,144.9606807
749,-37.81553016,144.9721587
4119,-37.80375005,144.9510053
6323,-37.82141258,144.9511447
6707,-37.81035067,144.9697745
6660,-37.81966139,144.9497656
6649,-37.81931753,144.9435815
5776,-37.81207935,144.9769197
4184,-37.80850659,144.9592489
4121,-37.80370336,144.9510137
944,-37.81164582,144.9675669
4120,-37.8037266,144.9510095
6157,-37.81859672,144.9477425
6418,-37.82105433,144.9453381
4287,-37.80920997,144.9558818
5076,-37.82521723,144.9697737
1653,-37.81276845,144.9720671
5063,-37.82514418,144.9700245
3198,-37.80833177,144.9547216
4859,-37.82889408,144.9701895
2000,-37.81036493,144.964902
6840,-37.79665852,144.9581446
5078,-37.8252334,144.9697179
5334,-37.82701902,144.9675774
619,-37.80982979,144.972325
3004,-37.80512293,144.9580525
3534,-37.80753134,144.9586511
1459,-37.81467179,144.9729975
2936,-37.80779429,144.9581178
5069,-37.82516843,144.9699407
5071,-37.82517651,144.9699128
4567,-37.82999535,144.9692638
2454,-37.81031232,144.9689757
6105,-37.8192556,144.9458065
2458,-37.81034687,144.9688575
4021,-37.80509579,144.9522731
5738,-37.81093349,144.9765959
6092,-37.82011525,144.9431518
4194,-37.80868546,144.9586314
6331,-37.81943019,144.9503876
6117,-37.81947539,144.9450461
6054,-37.82120417,144.9440486
6309,-37.81981417,144.9498858
5912,-37.80295329,144.9677652
6556,-37.81211601,144.9384371
769,-37.81454334,144.9717005
4344,-37.80749831,144.9584397
6165,-37.81874695,144.9472255
3019,-37.80437818,144.9577121
2924,-37.80826005,144.9577459
3032,-37.80312154,144.9571284
3403,-37.80758514,144.9663713
3698,-37.80407895,144.9580198
6849,-37.79620577,144.9582009
2750,-37.80755928,144.965895
3537,-37.80760482,144.9583967
6147,-37.81999581,144.9432431
5066,-37.82533886,144.9697268
4451,-37.80311893,144.9502263
4450,-37.80312242,144.9502574
1989,-37.81020593,144.9656307
2443,-37.809984,144.9701075
5072,-37.82518459,144.9698851
6123,-37.81953718,144.9448326
2449,-37.81026058,144.9691509